Frame_ID,Time_s,Arduino_State,Camera_Frame,Raw_Ticks_Signed,Zeroed_Dist_cm,Smoothed_Vel_cm_s
1,0.000000,0,33,73,0.0000,0.0000
2,0.000900,0,34,73,0.0000,0.0000
3,0.001800,0,34,73,0.0000,0.0000
4,0.002700,0,34,73,0.0000,0.0000
5,0.003600,0,34,73,0.0000,0.0000
6,0.004500,0,34,73,0.0000,0.0000
7,0.005400,0,34,73,0.0000,0.0000
8,0.006300,0,34,73,0.0000,0.0000
9,0.007200,0,34,73,0.0000,0.0000
10,0.008099,0,34,73,0.0000,0.0000
11,0.008999,0,34,73,0.0000,0.0000
12,0.009899,0,34,74,0.0119,1.2010
13,0.010800,0,34,74,0.0119,1.1008
14,0.011700,0,34,74,0.0119,1.0161
15,0.012600,0,34,74,0.0119,0.9435
16,0.013500,0,34,74,0.0119,0.8806
17,0.014400,0,34,74,0.0119,0.8256
18,0.015300,0,37,74,0.0119,0.7770
19,0.016200,0,37,74,0.0119,0.7338
20,0.017100,0,37,74,0.0119,0.6952
21,0.017999,0,37,74,0.0119,0.6605
22,0.018899,0,37,74,0.0119,0.6290
23,0.019799,0,37,74,0.0119,0.6004
24,0.020699,0,37,74,0.0119,0.5743
25,0.021599,0,37,75,0.0238,1.1008
26,0.022499,0,37,75,0.0238,1.0568
27,0.023399,0,37,75,0.0238,1.0161
28,0.024299,0,37,75,0.0238,0.9785
29,0.025199,0,37,75,0.0238,0.9435
30,0.026100,0,37,75,0.0238,0.9110
31,0.027000,0,37,75,0.0238,0.8806
32,0.027900,0,37,75,0.0238,0.8522
33,0.028799,0,37,75,0.0238,0.8256
34,0.029699,0,37,76,0.0357,1.2009
35,0.030599,0,37,76,0.0357,1.1655
36,0.031499,0,37,76,0.0357,1.1322
37,0.032399,0,37,76,0.0357,1.1008
38,0.033299,0,37,76,0.0357,1.0710
39,0.034199,0,37,76,0.0357,1.0429
40,0.035099,0,37,76,0.0357,1.0161
41,0.035999,0,37,77,0.0476,1.3209
42,0.036899,0,37,77,0.0476,1.2887
43,0.037799,0,37,77,0.0476,1.2580
44,0.038699,0,37,77,0.0476,1.2288
45,0.039600,0,37,77,0.0476,1.2009
46,0.040500,0,37,77,0.0476,1.1742
47,0.041400,0,37,77,0.0476,1.1486
48,0.042300,0,37,77,0.0476,1.1242
49,0.043200,0,37,78,0.0594,1.3760
50,0.044100,0,37,78,0.0594,1.3479
51,0.045000,0,37,78,0.0594,1.3209
52,0.045900,0,37,78,0.0594,1.2950
53,0.046800,0,37,78,0.0594,1.2701
54,0.047700,0,37,78,0.0594,1.2462
55,0.048600,0,37,78,0.0594,1.2231
56,0.049500,0,37,78,0.0594,1.2009
57,0.050400,0,37,78,0.0594,1.2009
58,0.051300,0,37,78,0.0594,1.2009
59,0.052200,0,37,79,0.0713,1.4410
60,0.053100,0,37,79,0.0713,1.4410
61,0.054000,0,37,79,0.0713,1.4410
62,0.054900,0,37,79,0.0713,1.4410
63,0.055800,0,37,79,0.0713,1.4410
64,0.056700,0,37,79,0.0713,1.4410
65,0.057600,0,37,79,0.0713,1.4410
66,0.058500,0,37,80,0.0832,1.6812
67,0.059400,0,37,80,0.0832,1.4410
68,0.060300,0,37,80,0.0832,1.4410
69,0.061200,0,37,80,0.0832,1.4410
70,0.062100,0,37,80,0.0832,1.4410
71,0.063000,0,38,80,0.0832,1.4410
72,0.063900,0,38,81,0.0951,1.6812
73,0.064800,0,38,81,0.0951,1.6812
74,0.065700,0,38,81,0.0951,1.6812
75,0.066600,0,38,81,0.0951,1.6812
76,0.067500,0,38,81,0.0951,1.6812
77,0.068400,0,38,81,0.0951,1.6812
78,0.069300,0,38,81,0.0951,1.6812
79,0.070200,0,38,82,0.1070,1.9213
80,0.071100,0,38,82,0.1070,1.6812
81,0.072000,0,38,82,0.1070,1.6812
82,0.072900,0,38,82,0.1070,1.6812
83,0.073800,0,38,82,0.1070,1.6812
84,0.074700,0,38,82,0.1070,1.6812
85,0.075600,0,38,82,0.1070,1.6812
86,0.076500,0,38,82,0.1070,1.6812
87,0.077400,0,38,83,0.1189,1.9214
88,0.078300,0,41,83,0.1189,1.9213
89,0.079200,0,41,83,0.1189,1.6812
90,0.080100,0,41,83,0.1189,1.6812
91,0.081000,0,41,83,0.1189,1.6812
92,0.081900,0,41,83,0.1189,1.6812
93,0.082800,0,41,84,0.1308,1.9213
94,0.083700,0,41,84,0.1308,1.9213
95,0.084600,0,41,84,0.1308,1.9213
96,0.085500,0,41,84,0.1308,1.6812
97,0.086400,0,41,84,0.1308,1.6812
98,0.087300,0,41,85,0.1427,1.9213
99,0.088200,0,41,85,0.1427,1.9213
100,0.089100,0,41,85,0.1427,1.9213
101,0.090000,0,41,85,0.1427,1.9213
102,0.090900,0,41,85,0.1427,1.9213
103,0.091800,0,41,85,0.1427,1.9213
104,0.092700,0,41,86,0.1545,1.9213
105,0.093600,0,41,86,0.1545,1.9213
106,0.094500,0,41,86,0.1545,1.9213
107,0.095400,0,41,86,0.1545,1.9213
108,0.096300,0,41,86,0.1545,1.9213
109,0.097200,0,41,86,0.1545,1.9213
110,0.098100,0,41,86,0.1545,1.9213
111,0.099000,0,41,87,0.1664,2.1615
112,0.099900,0,41,87,0.1664,2.1615
113,0.100800,0,41,87,0.1664,2.1615
114,0.101700,0,41,87,0.1664,1.9213
115,0.102600,0,41,87,0.1664,1.9213
116,0.103500,0,41,87,0.1664,1.9213
117,0.104400,0,41,88,0.1783,2.1615
118,0.105300,0,41,88,0.1783,2.1615
119,0.106200,0,41,88,0.1783,2.1615
120,0.107100,0,41,88,0.1783,2.1615
121,0.108000,0,41,88,0.1783,1.9213
122,0.108900,0,41,88,0.1783,1.9213
123,0.109800,0,41,89,0.1902,2.1615
124,0.110700,0,41,89,0.1902,2.1615
125,0.111600,0,41,89,0.1902,2.1615
126,0.112500,0,41,89,0.1902,2.1615
127,0.113400,0,41,89,0.1902,1.9213
128,0.114300,0,41,90,0.2021,2.1615
129,0.115200,0,41,90,0.2021,2.1615
130,0.116100,0,41,90,0.2021,2.1615
131,0.117000,0,41,90,0.2021,2.1615
132,0.117901,0,41,90,0.2021,2.1615
133,0.118801,0,41,90,0.2021,2.1615
134,0.119701,0,41,90,0.2021,1.9213
135,0.120601,0,41,91,0.2140,2.1615
136,0.121501,0,41,91,0.2140,2.1615
137,0.122401,0,41,91,0.2140,2.1615
138,0.123301,0,41,91,0.2140,2.1615
139,0.124201,0,42,91,0.2140,2.1615
140,0.125101,0,42,91,0.2140,2.1615
141,0.126001,0,42,92,0.2259,2.4017
142,0.126901,0,42,92,0.2259,2.1615
143,0.127801,0,42,92,0.2259,2.1615
144,0.128701,0,42,92,0.2259,2.1615
145,0.129601,0,42,92,0.2259,2.1615
146,0.130501,0,42,93,0.2378,2.4017
147,0.131401,0,42,93,0.2378,2.4017
148,0.132301,0,42,93,0.2378,2.1615
149,0.133201,0,42,93,0.2378,2.1615
150,0.134101,0,42,93,0.2378,2.1615
151,0.135001,0,42,94,0.2497,2.4017
152,0.135901,0,42,94,0.2497,2.4017
153,0.136801,0,42,94,0.2497,2.1615
154,0.137701,0,42,94,0.2497,2.1615
155,0.138601,0,42,94,0.2497,2.1615
156,0.139501,0,44,94,0.2497,2.1615
157,0.140401,0,44,95,0.2615,2.4017
158,0.141301,0,44,95,0.2615,2.4017
159,0.142201,0,44,95,0.2615,2.1615
160,0.143101,0,44,95,0.2615,2.1615
161,0.144001,0,44,95,0.2615,2.1615
162,0.144901,0,44,96,0.2734,2.4017
163,0.145801,0,44,96,0.2734,2.4017
164,0.146701,0,44,96,0.2734,2.4017
165,0.147601,0,44,96,0.2734,2.4017
166,0.148501,0,44,97,0.2853,2.4017
167,0.149401,0,44,97,0.2853,2.4017
168,0.150301,0,44,97,0.2853,2.4017
169,0.151201,0,44,97,0.2853,2.4017
170,0.152101,0,44,97,0.2853,2.4017
171,0.153001,0,44,98,0.2972,2.6418
172,0.153901,0,44,98,0.2972,2.4017
173,0.154801,0,44,98,0.2972,2.4017
174,0.155701,0,44,98,0.2972,2.4017
175,0.156601,0,44,98,0.2972,2.4017
176,0.157501,0,44,98,0.2972,2.4017
177,0.158401,0,44,99,0.3091,2.6418
178,0.159301,0,44,99,0.3091,2.4017
179,0.160201,0,44,99,0.3091,2.4017
180,0.161101,0,44,99,0.3091,2.4017
181,0.162001,0,44,99,0.3091,2.4017
182,0.162901,0,44,100,0.3210,2.6418
183,0.163801,0,44,100,0.3210,2.4017
184,0.164701,0,44,100,0.3210,2.4017
185,0.165601,0,44,100,0.3210,2.4017
186,0.166501,0,44,101,0.3329,2.6418
187,0.167401,0,44,101,0.3329,2.6418
188,0.168301,0,44,101,0.3329,2.6418
189,0.169201,0,44,101,0.3329,2.6418
190,0.170101,0,44,101,0.3329,2.4017
191,0.171001,0,44,102,0.3448,2.6418
192,0.171901,0,44,102,0.3448,2.6418
193,0.172801,0,44,102,0.3448,2.6418
194,0.173701,0,44,102,0.3448,2.6418
195,0.174601,0,44,102,0.3448,2.6418
196,0.175501,0,44,103,0.3567,2.6418
197,0.176401,0,44,103,0.3567,2.6418
198,0.177301,0,44,103,0.3567,2.6418
199,0.178201,0,44,103,0.3567,2.6418
200,0.179101,0,44,103,0.3567,2.6418
201,0.180001,0,44,104,0.3685,2.6418
202,0.180901,0,44,104,0.3685,2.6418
203,0.181801,0,44,104,0.3685,2.6418
204,0.182701,0,44,104,0.3685,2.6418
205,0.183601,0,44,104,0.3685,2.6418
206,0.184501,0,44,105,0.3804,2.6418
207,0.185401,0,44,105,0.3804,2.6418
208,0.186301,0,45,105,0.3804,2.6418
209,0.187201,0,45,105,0.3804,2.6418
210,0.188101,0,45,105,0.3804,2.6418
211,0.189001,0,45,106,0.3923,2.8820
212,0.189901,0,45,106,0.3923,2.6418
213,0.190801,0,45,106,0.3923,2.6418
214,0.191701,0,45,106,0.3923,2.6418
215,0.192601,0,45,106,0.3923,2.6418
216,0.193501,0,45,106,0.3923,2.6418
217,0.194401,0,45,107,0.4042,2.6418
218,0.195301,0,45,107,0.4042,2.6418
219,0.196202,0,45,107,0.4042,2.6418
220,0.197102,0,45,107,0.4042,2.6418
221,0.198002,0,45,107,0.4042,2.4017
222,0.198902,0,45,108,0.4161,2.6418
223,0.199802,0,45,108,0.4161,2.6418
224,0.200702,0,48,108,0.4161,2.6418
225,0.201602,0,48,108,0.4161,2.6418
226,0.202502,0,48,109,0.4280,2.6418
227,0.203402,0,48,109,0.4280,2.6418
228,0.204302,0,48,109,0.4280,2.6418
229,0.205202,0,48,109,0.4280,2.6418
230,0.206102,0,48,109,0.4280,2.6418
231,0.207002,0,48,110,0.4399,2.8820
232,0.207902,0,48,110,0.4399,2.6418
233,0.208802,0,48,110,0.4399,2.6418
234,0.209702,0,48,110,0.4399,2.6418
235,0.210602,0,48,110,0.4399,2.6418
236,0.211502,0,48,110,0.4399,2.6418
237,0.212402,0,48,110,0.4399,2.4017
238,0.213302,0,48,111,0.4518,2.6418
239,0.214202,0,48,111,0.4518,2.6418
240,0.215102,0,48,111,0.4518,2.6418
241,0.216002,0,48,111,0.4518,2.4017
242,0.216902,0,48,111,0.4518,2.4017
243,0.217802,0,48,112,0.4636,2.6418
244,0.218702,0,48,112,0.4636,2.6418
245,0.219602,0,48,112,0.4636,2.6418
246,0.220502,0,48,112,0.4636,2.4017
247,0.221402,0,48,112,0.4636,2.4017
248,0.222302,0,48,113,0.4755,2.6418
249,0.223202,0,48,113,0.4755,2.6418
250,0.224102,0,48,113,0.4755,2.6418
251,0.225002,0,48,113,0.4755,2.4017
252,0.225902,0,48,113,0.4755,2.4017
253,0.226802,0,48,113,0.4755,2.4017
254,0.227702,0,48,114,0.4874,2.6418
255,0.228602,0,48,114,0.4874,2.6418
256,0.229502,0,48,114,0.4874,2.4017
257,0.230402,0,48,114,0.4874,2.4017
258,0.231302,0,48,114,0.4874,2.4017
259,0.232202,0,48,114,0.4874,2.4017
260,0.233102,0,48,114,0.4874,2.4017
261,0.234002,0,48,114,0.4874,2.1615
262,0.234902,0,48,115,0.4993,2.4017
263,0.235802,0,48,115,0.4993,2.4017
264,0.236702,0,48,115,0.4993,2.4017
265,0.237602,0,48,115,0.4993,2.4017
266,0.238502,0,48,115,0.4993,2.1615
267,0.239402,0,48,115,0.4993,2.1615
268,0.240302,0,48,115,0.4993,2.1615
269,0.241202,0,48,115,0.4993,2.1615
270,0.242102,0,48,115,0.4993,2.1615
271,0.243002,0,48,116,0.5112,2.4017
272,0.243902,0,48,116,0.5112,2.1615
273,0.244802,0,48,116,0.5112,2.1615
274,0.245702,0,48,116,0.5112,2.1615
275,0.246602,0,48,116,0.5112,2.1615
276,0.247502,0,48,116,0.5112,2.1615
277,0.248402,0,48,116,0.5112,1.9213
278,0.249302,0,49,116,0.5112,1.9213
279,0.250202,0,49,117,0.5231,2.1615
280,0.251102,0,49,117,0.5231,2.1615
281,0.252002,0,49,117,0.5231,1.9213
282,0.252902,0,49,117,0.5231,1.9213
283,0.253802,0,49,117,0.5231,1.9213
284,0.254702,0,49,117,0.5231,1.9213
285,0.255602,0,49,117,0.5231,1.9213
286,0.256502,0,49,117,0.5231,1.6812
287,0.257402,0,49,117,0.5231,1.6812
288,0.258302,0,49,117,0.5231,1.6812
289,0.259202,0,49,117,0.5231,1.6812
290,0.260102,0,49,117,0.5231,1.6812
291,0.261002,0,49,117,0.5231,1.6812
292,0.261902,0,49,117,0.5231,1.6812
293,0.262802,0,49,117,0.5231,1.4410
294,0.263702,0,52,118,0.5350,1.6812
295,0.264602,0,52,118,0.5350,1.6812
296,0.265502,0,52,118,0.5350,1.6812
297,0.266401,0,52,118,0.5350,1.6812
298,0.267302,0,52,118,0.5350,1.4410
299,0.268201,0,52,118,0.5350,1.4410
300,0.269101,0,52,118,0.5350,1.4410
301,0.270001,0,52,118,0.5350,1.4410
302,0.270901,0,52,118,0.5350,1.4410
303,0.271801,0,52,118,0.5350,1.2009
304,0.272703,0,52,118,0.5350,1.2008
305,0.273603,0,52,118,0.5350,1.2008
306,0.274503,0,52,118,0.5350,1.2008
307,0.275403,0,52,118,0.5350,1.2008
308,0.276303,0,52,118,0.5350,1.2008
309,0.277202,0,52,118,0.5350,0.9607
310,0.278102,0,52,118,0.5350,0.9607
311,0.279002,0,52,118,0.5350,0.9607
312,0.279902,0,52,118,0.5350,0.9607
313,0.280802,0,52,118,0.5350,0.9607
314,0.281702,0,52,118,0.5350,0.9607
315,0.282602,0,52,118,0.5350,0.9607
316,0.283502,0,52,118,0.5350,0.9607
317,0.284402,0,52,118,0.5350,0.7205
318,0.285302,0,52,118,0.5350,0.7205
319,0.286202,0,52,118,0.5350,0.7205
320,0.287102,0,52,118,0.5350,0.7205
321,0.288003,0,52,118,0.5350,0.7205
322,0.288902,0,52,118,0.5350,0.7205
323,0.289802,0,52,118,0.5350,0.7205
324,0.290702,0,52,118,0.5350,0.7205
325,0.291602,0,52,118,0.5350,0.7205
326,0.292502,0,52,118,0.5350,0.4803
327,0.293402,0,52,118,0.5350,0.4803
328,0.294302,0,52,118,0.5350,0.4803
329,0.295202,0,52,118,0.5350,0.4803
330,0.296102,0,52,118,0.5350,0.4803
331,0.297002,0,52,118,0.5350,0.4803
332,0.297902,0,52,118,0.5350,0.4803
333,0.298802,0,52,118,0.5350,0.4803
334,0.299702,0,52,118,0.5350,0.2402
335,0.300602,0,52,118,0.5350,0.2402
336,0.301502,0,52,118,0.5350,0.2402
337,0.302402,0,52,117,0.5231,0.0000
338,0.303302,0,52,117,0.5231,0.0000
339,0.304202,0,52,117,0.5231,0.0000
340,0.305102,0,52,117,0.5231,0.0000
341,0.306002,0,52,117,0.5231,0.0000
342,0.306902,0,52,117,0.5231,0.0000
343,0.307802,0,52,117,0.5231,0.0000
344,0.308702,0,52,117,0.5231,0.0000
345,0.309602,0,52,117,0.5231,0.0000
346,0.310502,0,53,117,0.5231,0.0000
347,0.311402,0,53,117,0.5231,0.0000
348,0.312302,0,53,117,0.5231,0.0000
349,0.313202,0,53,117,0.5231,-0.2402
350,0.314102,0,53,117,0.5231,-0.2402
351,0.315002,0,53,117,0.5231,-0.2402
352,0.315902,0,53,117,0.5231,-0.2402
353,0.316802,0,53,116,0.5112,-0.4803
354,0.317702,0,53,116,0.5112,-0.4803
355,0.318602,0,53,116,0.5112,-0.4803
356,0.319502,0,53,116,0.5112,-0.4803
357,0.320402,0,53,116,0.5112,-0.4803
358,0.321302,0,53,116,0.5112,-0.4803
359,0.322202,0,53,116,0.5112,-0.4803
360,0.323102,0,53,116,0.5112,-0.4803
361,0.324002,0,53,116,0.5112,-0.4803
362,0.324902,0,56,116,0.5112,-0.4803
363,0.325802,0,56,115,0.4993,-0.7205
364,0.326702,0,56,115,0.4993,-0.7205
365,0.327602,0,56,115,0.4993,-0.7205
366,0.328502,0,56,115,0.4993,-0.7205
367,0.329402,0,56,115,0.4993,-0.7205
368,0.330302,0,56,115,0.4993,-0.7205
369,0.331202,0,56,115,0.4993,-0.7205
370,0.332102,0,56,115,0.4993,-0.7205
371,0.333002,0,56,115,0.4993,-0.7205
372,0.333902,0,56,115,0.4993,-0.7205
373,0.334802,0,56,115,0.4993,-0.7205
374,0.335702,0,56,114,0.4874,-0.9607
375,0.336602,0,56,114,0.4874,-0.9607
376,0.337502,0,56,114,0.4874,-0.9607
377,0.338402,0,56,114,0.4874,-0.9607
378,0.339302,0,56,114,0.4874,-0.9607
379,0.340202,0,56,114,0.4874,-0.9607
380,0.341102,0,56,114,0.4874,-0.9607
381,0.342002,0,56,114,0.4874,-0.9607
382,0.342902,0,56,114,0.4874,-0.9607
383,0.343802,0,56,114,0.4874,-0.9607
384,0.344702,0,56,114,0.4874,-0.9607
385,0.345602,0,56,114,0.4874,-0.9607
386,0.346502,0,56,113,0.4755,-1.2008
387,0.347402,0,56,113,0.4755,-1.2008
388,0.348302,0,56,113,0.4755,-1.2008
389,0.349202,0,56,113,0.4755,-1.2008
390,0.350102,0,56,113,0.4755,-1.2008
391,0.351003,0,56,113,0.4755,-1.2008
392,0.351903,0,56,113,0.4755,-0.9607
393,0.352803,0,56,113,0.4755,-0.9607
394,0.353703,0,56,113,0.4755,-0.9607
395,0.354603,0,56,113,0.4755,-0.9607
396,0.355503,0,56,113,0.4755,-0.9607
397,0.356403,0,56,112,0.4636,-1.2008
398,0.357303,0,56,112,0.4636,-1.2008
399,0.358203,0,56,112,0.4636,-1.2008
400,0.359103,0,56,112,0.4636,-1.2008
401,0.360003,0,56,112,0.4636,-1.2008
402,0.360903,0,56,112,0.4636,-1.2008
403,0.361803,0,56,112,0.4636,-1.2008
404,0.362703,0,56,112,0.4636,-1.2008
405,0.363603,0,56,112,0.4636,-1.2008
406,0.364503,0,56,112,0.4636,-1.2008
407,0.365403,0,56,112,0.4636,-1.2008
408,0.366303,0,56,111,0.4518,-1.2008
409,0.367203,0,56,111,0.4518,-1.2008
410,0.368103,0,56,111,0.4518,-1.2008
411,0.369003,0,56,111,0.4518,-1.2008
412,0.369903,0,56,111,0.4518,-1.2008
413,0.370803,0,56,111,0.4518,-1.2008
414,0.371703,0,56,111,0.4518,-1.2008
415,0.372603,0,57,111,0.4518,-1.2008
416,0.373503,0,57,111,0.4518,-1.2008
417,0.374403,0,57,111,0.4518,-1.2008
418,0.375303,0,57,111,0.4518,-0.9607
419,0.376203,0,57,111,0.4518,-0.9607
420,0.377103,0,57,111,0.4518,-0.9607
421,0.378003,0,57,110,0.4399,-1.2008
422,0.378903,0,57,110,0.4399,-1.2008
423,0.379803,0,57,110,0.4399,-1.2008
424,0.380703,0,57,110,0.4399,-1.2008
425,0.381603,0,57,110,0.4399,-1.2008
426,0.382503,0,57,110,0.4399,-1.2008
427,0.383403,0,57,110,0.4399,-1.2008
428,0.384303,0,57,110,0.4399,-1.2008
429,0.385203,0,57,110,0.4399,-0.9607
430,0.386103,0,57,110,0.4399,-0.9607
431,0.387003,0,57,110,0.4399,-0.9607
432,0.387903,0,57,110,0.4399,-0.9607
433,0.388803,0,59,110,0.4399,-0.9607
434,0.389703,0,59,110,0.4399,-0.9607
435,0.390603,0,59,110,0.4399,-0.9607
436,0.391503,0,59,110,0.4399,-0.9607
437,0.392403,0,59,109,0.4280,-1.2008
438,0.393303,0,59,109,0.4280,-1.2008
439,0.394203,0,59,109,0.4280,-1.2008
440,0.395103,0,59,109,0.4280,-1.2008
441,0.396003,0,59,109,0.4280,-0.9607
442,0.396903,0,59,109,0.4280,-0.9607
443,0.397803,0,59,109,0.4280,-0.9607
444,0.398703,0,59,109,0.4280,-0.9607
445,0.399603,0,59,109,0.4280,-0.9607
446,0.400503,0,59,109,0.4280,-0.9607
447,0.401403,0,59,109,0.4280,-0.9607
448,0.402303,0,59,109,0.4280,-0.9607
449,0.403203,0,59,109,0.4280,-0.9607
450,0.404103,0,59,108,0.4161,-1.2008
451,0.405003,0,59,108,0.4161,-1.2008
452,0.405903,0,59,108,0.4161,-0.9607
453,0.406803,0,59,108,0.4161,-0.9607
454,0.407703,0,59,108,0.4161,-0.9607
455,0.408603,0,59,108,0.4161,-0.9607
456,0.409503,0,59,108,0.4161,-0.9607
457,0.410403,0,59,108,0.4161,-0.9607
458,0.411303,0,59,108,0.4161,-0.9607
459,0.412203,0,59,108,0.4161,-0.9607
460,0.413103,0,59,108,0.4161,-0.9607
461,0.414003,0,59,107,0.4042,-1.2008
462,0.414903,0,59,107,0.4042,-1.2008
463,0.415803,0,59,107,0.4042,-0.9607
464,0.416703,0,59,107,0.4042,-0.9607
465,0.417603,0,59,107,0.4042,-0.9607
466,0.418503,0,59,107,0.4042,-0.9607
467,0.419403,0,59,107,0.4042,-0.9607
468,0.420303,0,59,107,0.4042,-0.9607
469,0.421203,0,59,107,0.4042,-0.9607
470,0.422103,0,59,107,0.4042,-0.9607
471,0.423003,0,59,107,0.4042,-0.9607
472,0.423903,0,59,107,0.4042,-0.9607
473,0.424803,0,59,107,0.4042,-0.9607
474,0.425703,0,59,106,0.3923,-1.2008
475,0.426603,0,59,106,0.3923,-1.2008
476,0.427503,0,59,106,0.3923,-0.9607
477,0.428403,0,59,106,0.3923,-0.9607
478,0.429304,0,59,106,0.3923,-0.9607
479,0.430204,0,59,106,0.3923,-0.9607
480,0.431104,0,59,106,0.3923,-0.9607
481,0.432004,0,59,106,0.3923,-0.9607
482,0.432904,0,59,106,0.3923,-0.9607
483,0.433804,0,59,106,0.3923,-0.9607
484,0.434704,0,59,106,0.3923,-0.9607
485,0.435604,0,60,106,0.3923,-0.9607
486,0.436504,0,60,106,0.3923,-0.9607
487,0.437404,0,60,106,0.3923,-0.9607
488,0.438304,0,60,106,0.3923,-0.9607
489,0.439204,0,60,106,0.3923,-0.9607
490,0.440104,0,60,106,0.3923,-0.9607
491,0.441004,0,60,106,0.3923,-0.9607
492,0.441904,0,60,106,0.3923,-0.7205
493,0.442804,0,60,106,0.3923,-0.7205
494,0.443704,0,60,106,0.3923,-0.7205
495,0.444604,0,60,106,0.3923,-0.7205
496,0.445504,0,60,106,0.3923,-0.7205
497,0.446404,0,60,106,0.3923,-0.7205
498,0.447304,0,60,106,0.3923,-0.7205
499,0.448204,0,60,106,0.3923,-0.7205
500,0.449104,0,60,106,0.3923,-0.7205
501,0.450004,0,63,106,0.3923,-0.7205
502,0.450904,0,63,106,0.3923,-0.7205
503,0.451804,0,63,106,0.3923,-0.7205
504,0.452704,0,63,106,0.3923,-0.7205
505,0.453604,0,63,106,0.3923,-0.4803
506,0.454504,0,63,106,0.3923,-0.4803
507,0.455404,0,63,106,0.3923,-0.4803
508,0.456304,0,63,106,0.3923,-0.4803
509,0.457204,0,63,106,0.3923,-0.4803
510,0.458104,0,63,105,0.3804,-0.7205
511,0.459004,0,63,105,0.3804,-0.7205
512,0.459904,0,63,105,0.3804,-0.7205
513,0.460804,0,63,105,0.3804,-0.7205
514,0.461704,0,63,105,0.3804,-0.7205
515,0.462604,0,63,105,0.3804,-0.7205
516,0.463504,0,63,105,0.3804,-0.4803
517,0.464404,0,63,105,0.3804,-0.4803
518,0.465304,0,63,105,0.3804,-0.4803
519,0.466204,0,63,105,0.3804,-0.4803
520,0.467104,0,63,105,0.3804,-0.4803
521,0.468004,0,63,105,0.3804,-0.4803
522,0.468904,0,63,105,0.3804,-0.4803
523,0.469804,0,63,105,0.3804,-0.4803
524,0.470704,0,63,105,0.3804,-0.4803
525,0.471604,0,63,105,0.3804,-0.4803
526,0.472504,0,63,105,0.3804,-0.4803
527,0.473404,0,63,105,0.3804,-0.4803
528,0.474304,0,63,105,0.3804,-0.4803
529,0.475204,0,63,105,0.3804,-0.2402
530,0.476104,0,63,105,0.3804,-0.2402
531,0.477004,0,63,105,0.3804,-0.2402
532,0.477904,0,63,105,0.3804,-0.2402
533,0.478804,0,63,105,0.3804,-0.2402
534,0.479704,0,63,105,0.3804,-0.2402
535,0.480604,0,63,105,0.3804,-0.2402
536,0.481504,0,63,105,0.3804,-0.2402
537,0.482404,0,63,105,0.3804,-0.2402
538,0.483304,0,63,105,0.3804,-0.2402
539,0.484204,0,63,105,0.3804,-0.2402
540,0.485104,0,63,105,0.3804,-0.2402
541,0.486004,0,63,105,0.3804,-0.2402
542,0.486904,0,63,105,0.3804,-0.2402
543,0.487804,0,63,105,0.3804,-0.2402
544,0.488704,0,63,105,0.3804,-0.2402
545,0.489604,0,63,105,0.3804,-0.2402
546,0.490504,0,63,105,0.3804,-0.2402
547,0.491404,0,63,105,0.3804,-0.2402
548,0.492304,0,63,105,0.3804,-0.2402
549,0.493204,0,63,105,0.3804,-0.2402
550,0.494104,0,63,105,0.3804,-0.2402
551,0.495004,0,63,105,0.3804,-0.2402
552,0.495904,0,63,105,0.3804,-0.2402
553,0.496804,0,63,105,0.3804,-0.2402
554,0.497704,0,64,105,0.3804,-0.2402
555,0.498604,0,64,105,0.3804,-0.2402
556,0.499504,0,64,105,0.3804,-0.2402
557,0.500404,0,64,105,0.3804,-0.2402
558,0.501304,0,64,105,0.3804,-0.2402
559,0.502204,0,64,105,0.3804,-0.2402
560,0.503104,0,64,105,0.3804,-0.2402
561,0.504004,0,64,105,0.3804,-0.2402
562,0.504904,0,64,105,0.3804,-0.2402
563,0.505804,0,64,105,0.3804,-0.2402
564,0.506705,0,64,105,0.3804,-0.2402
565,0.507605,0,64,105,0.3804,0.0000
566,0.508505,0,64,105,0.3804,0.0000
567,0.509405,0,64,105,0.3804,0.0000
568,0.510305,0,64,105,0.3804,0.0000
569,0.511205,0,64,105,0.3804,0.0000
570,0.512105,0,64,105,0.3804,0.0000
571,0.513005,0,67,105,0.3804,0.0000
572,0.513905,0,67,105,0.3804,0.0000
573,0.514805,0,67,105,0.3804,0.0000
574,0.515705,0,67,105,0.3804,0.0000
575,0.516605,0,67,105,0.3804,0.0000
576,0.517505,0,67,105,0.3804,0.0000
577,0.518405,0,67,105,0.3804,0.0000
578,0.519305,0,67,105,0.3804,0.0000
579,0.520205,0,67,105,0.3804,0.0000
580,0.521105,0,67,105,0.3804,0.0000
581,0.522005,0,67,105,0.3804,0.0000
582,0.522905,0,67,105,0.3804,0.0000
583,0.523805,0,67,105,0.3804,0.0000
584,0.524705,0,67,105,0.3804,0.0000
585,0.525605,0,67,105,0.3804,0.0000
586,0.526505,0,67,105,0.3804,0.0000
587,0.527405,0,67,105,0.3804,0.0000
588,0.528305,0,67,105,0.3804,0.0000
589,0.529205,0,67,105,0.3804,0.0000
590,0.530105,0,67,105,0.3804,0.0000
591,0.531005,0,67,105,0.3804,0.0000
592,0.531905,0,67,105,0.3804,0.0000
593,0.532805,0,67,105,0.3804,0.0000
594,0.533705,0,67,105,0.3804,0.0000
595,0.534605,0,67,105,0.3804,0.0000
596,0.535505,0,67,105,0.3804,0.0000
597,0.536405,0,67,105,0.3804,0.0000
598,0.537305,0,67,105,0.3804,0.0000
599,0.538205,0,67,105,0.3804,0.0000
600,0.539105,0,67,105,0.3804,0.0000
601,0.540005,0,67,105,0.3804,0.0000
602,0.540905,0,67,105,0.3804,0.0000
603,0.541805,0,67,105,0.3804,0.0000
604,0.542705,0,67,105,0.3804,0.0000
605,0.543605,0,67,105,0.3804,0.0000
606,0.544505,0,67,105,0.3804,0.0000
607,0.545405,0,67,105,0.3804,0.0000
608,0.546305,0,67,105,0.3804,0.0000
609,0.547205,0,67,105,0.3804,0.0000
610,0.548105,0,67,105,0.3804,0.0000
611,0.549005,0,67,105,0.3804,0.0000
612,0.549905,0,67,105,0.3804,0.0000
613,0.550805,0,67,105,0.3804,0.0000
614,0.551705,0,67,105,0.3804,0.0000
615,0.552605,0,67,105,0.3804,0.0000
616,0.553505,0,67,105,0.3804,0.0000
617,0.554405,0,67,105,0.3804,0.0000
618,0.555305,0,67,105,0.3804,0.0000
619,0.556205,0,67,105,0.3804,0.0000
620,0.557105,0,67,105,0.3804,0.0000
621,0.558005,0,67,105,0.3804,0.0000
622,0.558905,0,67,105,0.3804,0.0000
623,0.559805,0,68,105,0.3804,0.0000
624,0.560705,0,68,105,0.3804,0.0000
625,0.561605,0,68,105,0.3804,0.0000
626,0.562505,0,68,105,0.3804,0.0000
627,0.563405,0,68,105,0.3804,0.0000
628,0.564305,0,68,105,0.3804,0.0000
629,0.565205,0,68,105,0.3804,0.0000
630,0.566105,0,68,106,0.3923,0.2402
631,0.567005,0,68,106,0.3923,0.2402
632,0.567905,0,68,106,0.3923,0.2402
633,0.568805,0,68,106,0.3923,0.2402
634,0.569705,0,68,106,0.3923,0.2402
635,0.570605,0,68,106,0.3923,0.2402
636,0.571505,0,68,106,0.3923,0.2402
637,0.572405,0,68,106,0.3923,0.2402
638,0.573305,0,68,106,0.3923,0.2402
639,0.574205,0,68,106,0.3923,0.2402
640,0.575105,0,71,106,0.3923,0.2402
641,0.576005,0,71,106,0.3923,0.2402
642,0.576905,0,71,106,0.3923,0.2402
643,0.577805,0,71,106,0.3923,0.2402
644,0.578705,0,71,106,0.3923,0.2402
645,0.579605,0,71,106,0.3923,0.2402
646,0.580505,0,71,106,0.3923,0.2402
647,0.581405,0,71,106,0.3923,0.2402
648,0.582305,0,71,106,0.3923,0.2402
649,0.583205,0,71,106,0.3923,0.2402
650,0.584106,0,71,106,0.3923,0.2402
651,0.585006,0,71,106,0.3923,0.2402
652,0.585906,0,71,106,0.3923,0.2402
653,0.586806,0,71,106,0.3923,0.2402
654,0.587706,0,71,106,0.3923,0.2402
655,0.588606,0,71,106,0.3923,0.2402
656,0.589506,0,71,106,0.3923,0.2402
657,0.590406,0,71,106,0.3923,0.2402
658,0.591306,0,71,106,0.3923,0.2402
659,0.592206,0,71,107,0.4042,0.4803
660,0.593105,0,71,107,0.4042,0.4803
661,0.594005,0,71,107,0.4042,0.4803
662,0.594905,0,71,107,0.4042,0.4803
663,0.595805,0,71,107,0.4042,0.4803
664,0.596705,0,71,107,0.4042,0.4803
665,0.597606,0,71,107,0.4042,0.4803
666,0.598506,0,71,107,0.4042,0.4803
667,0.599405,0,71,107,0.4042,0.4803
668,0.600305,0,71,107,0.4042,0.4803
669,0.601205,0,71,107,0.4042,0.4803
670,0.602105,0,71,107,0.4042,0.4803
671,0.603005,0,71,107,0.4042,0.4803
672,0.603905,0,71,107,0.4042,0.4803
673,0.604805,0,71,107,0.4042,0.4803
674,0.605705,0,71,107,0.4042,0.4803
675,0.606605,0,71,107,0.4042,0.4803
676,0.607505,0,71,107,0.4042,0.4803
677,0.608405,0,71,107,0.4042,0.4803
678,0.609305,0,71,107,0.4042,0.4803
679,0.610205,0,71,107,0.4042,0.4803
680,0.611105,0,71,107,0.4042,0.4803
681,0.612005,0,71,107,0.4042,0.4803
682,0.612905,0,71,107,0.4042,0.4803
683,0.613805,0,71,107,0.4042,0.4803
684,0.614705,0,71,107,0.4042,0.4803
685,0.615605,0,71,107,0.4042,0.2402
686,0.616505,0,71,107,0.4042,0.2402
687,0.617405,0,71,107,0.4042,0.2402
688,0.618305,0,71,107,0.4042,0.2402
689,0.619205,0,71,107,0.4042,0.2402
690,0.620105,0,72,107,0.4042,0.2402
691,0.621005,0,72,107,0.4042,0.2402
692,0.621905,0,72,107,0.4042,0.2402
693,0.622805,0,72,108,0.4161,0.4803
694,0.623705,0,72,108,0.4161,0.4803
695,0.624605,0,72,108,0.4161,0.4803
696,0.625505,0,72,108,0.4161,0.4803
697,0.626405,0,72,108,0.4161,0.4803
698,0.627305,0,72,108,0.4161,0.4803
699,0.628205,0,72,108,0.4161,0.4803
700,0.629105,0,72,108,0.4161,0.4803
701,0.630005,0,72,108,0.4161,0.4803
702,0.630905,0,72,108,0.4161,0.4803
703,0.631805,0,72,108,0.4161,0.4803
704,0.632705,0,72,108,0.4161,0.4803
705,0.633605,0,72,108,0.4161,0.4803
706,0.634505,0,72,108,0.4161,0.4803
707,0.635405,0,72,108,0.4161,0.4803
708,0.636305,0,74,108,0.4161,0.4803
709,0.637205,0,74,108,0.4161,0.4803
710,0.638105,0,74,108,0.4161,0.4803
711,0.639005,0,74,108,0.4161,0.4803
712,0.639905,0,74,108,0.4161,0.4803
713,0.640805,0,74,108,0.4161,0.4803
714,0.641705,0,74,108,0.4161,0.2402
715,0.642605,0,74,108,0.4161,0.2402
716,0.643505,0,74,108,0.4161,0.2402
717,0.644405,0,74,108,0.4161,0.2402
718,0.645305,0,74,108,0.4161,0.2402
719,0.646205,0,74,108,0.4161,0.2402
720,0.647105,0,74,108,0.4161,0.2402
721,0.648005,0,74,108,0.4161,0.2402
722,0.648905,0,74,108,0.4161,0.2402
723,0.649805,0,74,108,0.4161,0.2402
724,0.650705,0,74,108,0.4161,0.2402
725,0.651605,0,74,108,0.4161,0.2402
726,0.652505,0,74,108,0.4161,0.2402
727,0.653405,0,74,108,0.4161,0.2402
728,0.654305,0,74,108,0.4161,0.2402
729,0.655205,0,74,108,0.4161,0.2402
730,0.656105,0,74,108,0.4161,0.2402
731,0.657005,0,74,108,0.4161,0.2402
732,0.657905,0,74,108,0.4161,0.2402
733,0.658805,0,74,108,0.4161,0.2402
734,0.659705,0,74,108,0.4161,0.2402
735,0.660605,0,74,108,0.4161,0.2402
736,0.661505,0,74,108,0.4161,0.2402
737,0.662406,0,74,108,0.4161,0.2402
738,0.663306,0,74,108,0.4161,0.2402
739,0.664206,0,74,108,0.4161,0.2402
740,0.665106,0,74,108,0.4161,0.2402
741,0.666006,0,74,108,0.4161,0.2402
742,0.666906,0,74,108,0.4161,0.2402
743,0.667806,0,74,108,0.4161,0.2402
744,0.668706,0,74,108,0.4161,0.2402
745,0.669606,0,74,108,0.4161,0.2402
746,0.670506,0,74,108,0.4161,0.2402
747,0.671406,0,74,108,0.4161,0.2402
748,0.672306,0,74,108,0.4161,0.0000
749,0.673206,0,74,108,0.4161,0.0000
750,0.674106,0,74,108,0.4161,0.0000
751,0.675006,0,74,108,0.4161,0.0000
752,0.675906,0,74,108,0.4161,0.0000
753,0.676806,0,74,108,0.4161,0.0000
754,0.677706,0,74,107,0.4042,-0.2402
755,0.678606,0,74,107,0.4042,-0.2402
756,0.679506,0,74,107,0.4042,-0.2402
757,0.680406,0,74,107,0.4042,-0.2402
758,0.681306,0,74,107,0.4042,-0.2402
759,0.682206,0,74,107,0.4042,-0.2402
760,0.683106,0,75,107,0.4042,-0.2402
761,0.684006,0,75,107,0.4042,-0.2402
762,0.684906,0,75,107,0.4042,-0.2402
763,0.685806,0,75,107,0.4042,-0.2402
764,0.686706,0,75,107,0.4042,-0.2402
765,0.687606,0,75,107,0.4042,-0.2402
766,0.688506,0,75,107,0.4042,-0.2402
767,0.689406,0,75,106,0.3923,-0.4803
768,0.690306,0,75,106,0.3923,-0.4803
769,0.691206,0,75,106,0.3923,-0.4803
770,0.692106,0,75,106,0.3923,-0.4803
771,0.693006,0,75,106,0.3923,-0.4803
772,0.693906,0,75,106,0.3923,-0.4803
773,0.694806,0,75,106,0.3923,-0.4803
774,0.695706,0,75,106,0.3923,-0.4803
775,0.696606,0,75,106,0.3923,-0.4803
776,0.697506,0,78,106,0.3923,-0.4803
777,0.698406,0,78,105,0.3804,-0.7205
778,0.699306,0,78,105,0.3804,-0.7205
779,0.700206,0,78,105,0.3804,-0.7205
780,0.701106,0,78,105,0.3804,-0.7205
781,0.702006,0,78,105,0.3804,-0.7205
782,0.702906,0,78,105,0.3804,-0.7205
783,0.703806,0,78,105,0.3804,-0.7205
784,0.704706,0,78,104,0.3685,-0.9607
785,0.705606,0,78,104,0.3685,-0.9607
786,0.706506,0,78,104,0.3685,-0.9607
787,0.707406,0,78,104,0.3685,-0.9607
788,0.708306,0,78,104,0.3685,-0.9607
789,0.709206,0,78,103,0.3567,-1.2008
790,0.710106,0,78,103,0.3567,-1.2008
791,0.711006,0,78,103,0.3567,-1.2008
792,0.711906,0,78,103,0.3567,-1.2008
793,0.712806,0,78,103,0.3567,-1.2008
794,0.713706,0,78,103,0.3567,-1.2008
795,0.714606,0,78,102,0.3448,-1.4410
796,0.715506,0,78,102,0.3448,-1.4410
797,0.716406,0,78,102,0.3448,-1.4410
798,0.717306,0,78,102,0.3448,-1.4410
799,0.718206,0,78,102,0.3448,-1.4410
800,0.719106,0,78,102,0.3448,-1.4410
801,0.720006,0,78,101,0.3329,-1.6812
802,0.720906,0,78,101,0.3329,-1.6812
803,0.721806,0,78,101,0.3329,-1.6812
804,0.722706,0,78,101,0.3329,-1.6812
805,0.723606,0,78,101,0.3329,-1.6812
806,0.724506,0,78,100,0.3210,-1.9213
807,0.725406,0,78,100,0.3210,-1.9213
808,0.726306,0,78,100,0.3210,-1.9213
809,0.727206,0,78,100,0.3210,-1.6812
810,0.728106,0,78,99,0.3091,-1.9213
811,0.729006,0,78,99,0.3091,-1.9213
812,0.729906,0,78,99,0.3091,-1.9213
813,0.730806,0,78,99,0.3091,-1.9213
814,0.731706,0,78,98,0.2972,-2.1615
815,0.732606,0,78,98,0.2972,-2.1615
816,0.733506,0,78,98,0.2972,-2.1615
817,0.734406,0,78,98,0.2972,-2.1615
818,0.735306,0,78,98,0.2972,-2.1615
819,0.736206,0,78,97,0.2853,-2.4017
820,0.737106,0,78,97,0.2853,-2.4017
821,0.738006,0,78,97,0.2853,-2.4017
822,0.738906,0,78,97,0.2853,-2.1615
823,0.739807,0,78,96,0.2734,-2.4017
824,0.740707,0,78,96,0.2734,-2.4017
825,0.741607,0,78,96,0.2734,-2.4017
826,0.742507,0,78,96,0.2734,-2.4017
827,0.743407,0,78,95,0.2615,-2.6418
828,0.744307,0,79,95,0.2615,-2.6418
829,0.745207,0,79,95,0.2615,-2.6418
830,0.746107,0,79,94,0.2497,-2.8820
831,0.747007,0,79,94,0.2497,-2.8820
832,0.747907,0,79,94,0.2497,-2.6418
833,0.748807,0,79,94,0.2497,-2.6418
834,0.749707,0,79,94,0.2497,-2.6418
835,0.750607,0,79,93,0.2378,-2.8820
836,0.751507,0,79,93,0.2378,-2.8820
837,0.752407,0,79,93,0.2378,-2.8820
838,0.753307,0,79,92,0.2259,-3.1222
839,0.754207,0,79,92,0.2259,-2.8820
840,0.755107,0,79,92,0.2259,-2.8820
841,0.756007,0,79,91,0.2140,-3.1222
842,0.756907,0,79,91,0.2140,-3.1222
843,0.757807,0,79,91,0.2140,-3.1222
844,0.758707,0,79,90,0.2021,-3.1222
845,0.759607,0,79,90,0.2021,-3.1222
846,0.760507,0,82,90,0.2021,-3.1222
847,0.761407,0,82,90,0.2021,-3.1222
848,0.762307,0,82,89,0.1902,-3.3623
849,0.763207,0,82,89,0.1902,-3.3623
850,0.764107,0,82,89,0.1902,-3.1222
851,0.765007,0,82,89,0.1902,-3.1222
852,0.765907,0,82,88,0.1783,-3.3623
853,0.766807,0,82,88,0.1783,-3.3623
854,0.767707,0,82,87,0.1664,-3.6025
855,0.768607,0,82,87,0.1664,-3.6025
856,0.769507,0,82,87,0.1664,-3.3623
857,0.770407,0,82,87,0.1664,-3.3623
858,0.771307,0,82,86,0.1545,-3.6025
859,0.772207,0,82,86,0.1545,-3.6025
860,0.773107,0,82,86,0.1545,-3.6025
861,0.774007,0,82,86,0.1545,-3.3623
862,0.774907,0,82,85,0.1427,-3.6025
863,0.775807,0,82,85,0.1427,-3.6025
864,0.776707,0,82,85,0.1427,-3.6025
865,0.777607,0,82,84,0.1308,-3.6025
866,0.778507,0,82,84,0.1308,-3.6025
867,0.779407,0,82,84,0.1308,-3.6025
868,0.780307,0,82,83,0.1189,-3.8426
869,0.781207,0,82,83,0.1189,-3.6025
870,0.782107,0,82,83,0.1189,-3.6025
871,0.783007,0,82,82,0.1070,-3.8426
872,0.783907,0,82,82,0.1070,-3.8426
873,0.784807,0,82,82,0.1070,-3.8426
874,0.785707,0,82,82,0.1070,-3.6025
875,0.786607,0,82,81,0.0951,-3.8427
876,0.787507,0,82,81,0.0951,-3.8427
877,0.788407,0,82,81,0.0951,-3.8427
878,0.789307,0,82,80,0.0832,-3.8426
879,0.790207,0,82,80,0.0832,-3.8426
880,0.791107,0,82,80,0.0832,-3.8426
881,0.792007,0,82,79,0.0713,-4.0828
882,0.792907,0,82,79,0.0713,-3.8427
883,0.793807,0,82,79,0.0713,-3.8427
884,0.794707,0,82,78,0.0594,-4.0828
885,0.795607,0,82,78,0.0594,-3.8426
886,0.796507,0,82,78,0.0594,-3.8426
887,0.797407,0,82,78,0.0594,-3.8426
888,0.798307,0,82,77,0.0476,-4.0828
889,0.799207,0,82,77,0.0476,-4.0828
890,0.800107,0,82,77,0.0476,-3.8426
891,0.801007,0,82,76,0.0357,-4.0828
892,0.801907,0,82,76,0.0357,-4.0828
893,0.802807,0,82,76,0.0357,-3.8426
894,0.803707,0,82,75,0.0238,-4.0828
895,0.804607,0,82,75,0.0238,-4.0828
896,0.805507,0,83,75,0.0238,-3.8427
897,0.806407,0,83,74,0.0119,-4.0828
898,0.807307,0,83,74,0.0119,-4.0828
899,0.808207,0,83,74,0.0119,-3.8426
900,0.809107,0,83,74,0.0119,-3.8426
901,0.810007,0,83,73,0.0000,-4.0828
902,0.810907,0,83,73,0.0000,-4.0828
903,0.811807,0,83,73,0.0000,-3.8426
904,0.812707,0,83,73,0.0000,-3.8426
905,0.813607,0,83,72,-0.0119,-4.0828
906,0.814507,0,83,72,-0.0119,-4.0828
907,0.815407,0,83,72,-0.0119,-3.8427
908,0.816307,0,83,71,-0.0238,-4.0828
909,0.817207,0,83,71,-0.0238,-3.8427
910,0.818108,0,83,71,-0.0238,-3.8426
911,0.819008,0,83,70,-0.0357,-4.0828
912,0.819908,0,83,70,-0.0357,-4.0828
913,0.820808,0,85,70,-0.0357,-3.8427
914,0.821708,0,85,70,-0.0357,-3.8427
915,0.822608,0,85,70,-0.0357,-3.8427
916,0.823508,0,85,69,-0.0476,-4.0828
917,0.824408,0,85,69,-0.0476,-3.8426
918,0.825308,0,85,69,-0.0476,-3.8426
919,0.826208,0,85,69,-0.0476,-3.8426
920,0.827108,0,85,68,-0.0594,-3.8427
921,0.828008,0,85,68,-0.0594,-3.8427
922,0.828908,0,85,68,-0.0594,-3.8426
923,0.829808,0,85,68,-0.0594,-3.6025
924,0.830708,0,85,67,-0.0713,-3.8426
925,0.831608,0,85,67,-0.0713,-3.8426
926,0.832508,0,85,67,-0.0713,-3.6025
927,0.833408,0,85,67,-0.0713,-3.6025
928,0.834308,0,85,66,-0.0832,-3.8427
929,0.835208,0,85,66,-0.0832,-3.8426
930,0.836108,0,85,66,-0.0832,-3.6025
931,0.837008,0,85,66,-0.0832,-3.6025
932,0.837908,0,85,66,-0.0832,-3.6025
933,0.838808,0,85,66,-0.0832,-3.3623
934,0.839708,0,85,65,-0.0951,-3.6025
935,0.840608,0,85,65,-0.0951,-3.6025
936,0.841508,0,85,65,-0.0951,-3.3623
937,0.842408,0,85,65,-0.0951,-3.3623
938,0.843308,0,85,65,-0.0951,-3.3623
939,0.844208,0,85,64,-0.1070,-3.3623
940,0.845108,0,85,64,-0.1070,-3.3623
941,0.846008,0,85,64,-0.1070,-3.3623
942,0.846908,0,85,64,-0.1070,-3.3623
943,0.847808,0,85,64,-0.1070,-3.1222
944,0.848708,0,85,64,-0.1070,-3.1222
945,0.849608,0,85,63,-0.1189,-3.3623
946,0.850508,0,85,63,-0.1189,-3.1222
947,0.851408,0,85,63,-0.1189,-3.1222
948,0.852308,0,85,63,-0.1189,-3.1222
949,0.853208,0,85,63,-0.1189,-2.8820
950,0.854108,0,85,63,-0.1189,-2.8820
951,0.855008,0,85,63,-0.1189,-2.8820
952,0.855908,0,85,63,-0.1189,-2.6418
953,0.856808,0,85,63,-0.1189,-2.6418
954,0.857708,0,85,62,-0.1308,-2.8820
955,0.858608,0,85,62,-0.1308,-2.8820
956,0.859508,0,85,62,-0.1308,-2.6418
957,0.860408,0,85,62,-0.1308,-2.6418
958,0.861308,0,85,62,-0.1308,-2.6418
959,0.862208,0,85,62,-0.1308,-2.6418
960,0.863108,0,85,62,-0.1308,-2.4017
961,0.864007,0,85,62,-0.1308,-2.4017
962,0.864908,0,85,62,-0.1308,-2.4017
963,0.865808,0,85,62,-0.1308,-2.1615
964,0.866708,0,85,62,-0.1308,-2.1615
965,0.867608,0,86,62,-0.1308,-2.1615
966,0.868508,0,86,62,-0.1308,-1.9213
967,0.869408,0,86,61,-0.1427,-2.1615
968,0.870308,0,86,61,-0.1427,-2.1615
969,0.871208,0,86,61,-0.1427,-2.1615
970,0.872108,0,86,61,-0.1427,-2.1615
971,0.873008,0,86,61,-0.1427,-1.9213
972,0.873908,0,86,61,-0.1427,-1.9213
973,0.874808,0,86,61,-0.1427,-1.9213
974,0.875707,0,86,61,-0.1427,-1.9214
975,0.876607,0,86,61,-0.1427,-1.6812
976,0.877507,0,86,61,-0.1427,-1.6812
977,0.878407,0,86,61,-0.1427,-1.6812
978,0.879307,0,86,61,-0.1427,-1.6812
979,0.880207,0,86,61,-0.1427,-1.4410
980,0.881108,0,86,61,-0.1427,-1.4410
981,0.882008,0,89,61,-0.1427,-1.4410
982,0.882907,0,89,60,-0.1545,-1.6812
983,0.883807,0,89,60,-0.1545,-1.4410
984,0.884707,0,89,60,-0.1545,-1.4410
985,0.885608,0,89,60,-0.1545,-1.4410
986,0.886507,0,89,60,-0.1545,-1.4410
987,0.887407,0,89,60,-0.1545,-1.4410
988,0.888307,0,89,60,-0.1545,-1.4410
989,0.889207,0,89,60,-0.1545,-1.2009
990,0.890107,0,89,60,-0.1545,-1.2009
991,0.891007,0,89,60,-0.1545,-1.2009
992,0.891907,0,89,60,-0.1545,-1.2009
993,0.892807,0,89,60,-0.1545,-1.2009
994,0.893707,0,89,60,-0.1545,-0.9607
995,0.894607,0,89,60,-0.1545,-0.9607
996,0.895508,0,89,60,-0.1545,-0.9607
997,0.896408,0,89,60,-0.1545,-0.9607
998,0.897308,0,89,60,-0.1545,-0.9607
999,0.898208,0,89,60,-0.1545,-0.9607
1000,0.899108,0,89,60,-0.1545,-0.7205
1001,0.900008,0,89,60,-0.1545,-0.7205
1002,0.900908,0,89,60,-0.1545,-0.7205
1003,0.901808,0,89,60,-0.1545,-0.7205
1004,0.902708,0,89,60,-0.1545,-0.7205
1005,0.903608,0,89,60,-0.1545,-0.7205
1006,0.904508,0,89,60,-0.1545,-0.7205
1007,0.905408,0,89,60,-0.1545,-0.7205
1008,0.906308,0,89,60,-0.1545,-0.7205
1009,0.907208,0,89,60,-0.1545,-0.4803
1010,0.908108,0,89,60,-0.1545,-0.4803
1011,0.909008,0,89,60,-0.1545,-0.4803
1012,0.909908,0,89,60,-0.1545,-0.4803
1013,0.910808,0,89,60,-0.1545,-0.4803
1014,0.911708,0,89,60,-0.1545,-0.4803
1015,0.912608,0,89,60,-0.1545,-0.4803
1016,0.913508,0,89,60,-0.1545,-0.4803
1017,0.914408,0,89,60,-0.1545,-0.4803
1018,0.915308,0,89,60,-0.1545,-0.4803
1019,0.916208,0,89,60,-0.1545,-0.4803
1020,0.917108,0,89,60,-0.1545,-0.4803
1021,0.918008,0,89,60,-0.1545,-0.4803
1022,0.918908,0,89,60,-0.1545,-0.2402
1023,0.919808,0,89,60,-0.1545,-0.2402
1024,0.920708,0,89,60,-0.1545,-0.2402
1025,0.921608,0,89,60,-0.1545,-0.2402
1026,0.922508,0,89,60,-0.1545,-0.2402
1027,0.923408,0,89,60,-0.1545,-0.2402
1028,0.924308,0,89,60,-0.1545,-0.2402
1029,0.925208,0,89,60,-0.1545,-0.2402
1030,0.926108,0,89,60,-0.1545,-0.2402
1031,0.927008,0,89,60,-0.1545,-0.2402
1032,0.927908,0,90,60,-0.1545,-0.2402
1033,0.928808,0,90,60,-0.1545,-0.2402
1034,0.929708,0,90,60,-0.1545,-0.2402
1035,0.930608,0,90,61,-0.1427,0.0000
1036,0.931508,0,90,61,-0.1427,0.0000
1037,0.932408,0,90,61,-0.1427,0.2402
1038,0.933308,0,90,61,-0.1427,0.2402
1039,0.934208,0,90,61,-0.1427,0.2402
1040,0.935108,0,90,61,-0.1427,0.2402
1041,0.936008,0,90,61,-0.1427,0.2402
1042,0.936908,0,90,61,-0.1427,0.2402
1043,0.937808,0,90,61,-0.1427,0.2402
1044,0.938708,0,90,61,-0.1427,0.2402
1045,0.939608,0,90,61,-0.1427,0.2402
1046,0.940508,0,90,61,-0.1427,0.2402
1047,0.941408,0,90,61,-0.1427,0.2402
1048,0.942308,0,90,61,-0.1427,0.2402
1049,0.943208,0,93,61,-0.1427,0.2402
1050,0.944108,0,93,61,-0.1427,0.2402
1051,0.945008,0,93,61,-0.1427,0.2402
1052,0.945908,0,93,61,-0.1427,0.2402
1053,0.946808,0,93,61,-0.1427,0.2402
1054,0.947708,0,93,61,-0.1427,0.2402
1055,0.948608,0,93,61,-0.1427,0.2402
1056,0.949508,0,93,61,-0.1427,0.2402
1057,0.950408,0,93,61,-0.1427,0.2402
1058,0.951308,0,93,61,-0.1427,0.2402
1059,0.952208,0,93,61,-0.1427,0.2402
1060,0.953108,0,93,62,-0.1308,0.4803
1061,0.954008,0,93,62,-0.1308,0.4803
1062,0.954908,0,93,62,-0.1308,0.4803
1063,0.955808,0,93,62,-0.1308,0.4803
1064,0.956708,0,93,62,-0.1308,0.4803
1065,0.957608,0,93,62,-0.1308,0.4803
1066,0.958508,0,93,62,-0.1308,0.4803
1067,0.959408,0,93,62,-0.1308,0.4803
1068,0.960308,0,93,62,-0.1308,0.4803
1069,0.961208,0,93,62,-0.1308,0.4803
1070,0.962108,0,93,62,-0.1308,0.4803
1071,0.963008,0,93,62,-0.1308,0.4803
1072,0.963908,0,93,62,-0.1308,0.4803
1073,0.964808,0,93,62,-0.1308,0.4803
1074,0.965708,0,93,62,-0.1308,0.4803
1075,0.966608,0,93,62,-0.1308,0.4803
1076,0.967508,0,93,62,-0.1308,0.4803
1077,0.968408,0,93,62,-0.1308,0.4803
1078,0.969308,0,93,62,-0.1308,0.4803
1079,0.970208,0,93,62,-0.1308,0.4803
1080,0.971108,0,93,62,-0.1308,0.4803
1081,0.972008,0,93,62,-0.1308,0.4803
1082,0.972908,0,93,62,-0.1308,0.4803
1083,0.973809,0,93,62,-0.1308,0.4803
1084,0.974709,0,93,62,-0.1308,0.4803
1085,0.975609,0,93,62,-0.1308,0.4803
1086,0.976509,0,93,62,-0.1308,0.4803
1087,0.977409,0,93,63,-0.1189,0.7205
1088,0.978309,0,93,63,-0.1189,0.7205
1089,0.979209,0,93,63,-0.1189,0.7205
1090,0.980109,0,93,63,-0.1189,0.4803
1091,0.981009,0,93,63,-0.1189,0.4803
1092,0.981909,0,93,63,-0.1189,0.4803
1093,0.982809,0,93,63,-0.1189,0.4803
1094,0.983709,0,93,63,-0.1189,0.4803
1095,0.984609,0,93,63,-0.1189,0.4803
1096,0.985509,0,93,63,-0.1189,0.4803
1097,0.986409,0,93,63,-0.1189,0.4803
1098,0.987309,0,93,63,-0.1189,0.4803
1099,0.988209,0,93,63,-0.1189,0.4803
1100,0.989109,0,93,63,-0.1189,0.4803
1101,0.990009,0,93,63,-0.1189,0.4803
1102,0.990909,0,94,63,-0.1189,0.4803
1103,0.991809,0,94,63,-0.1189,0.4803
1104,0.992709,0,94,63,-0.1189,0.4803
1105,0.993609,0,94,63,-0.1189,0.4803
1106,0.994509,0,94,63,-0.1189,0.4803
1107,0.995409,0,94,63,-0.1189,0.4803
1108,0.996309,0,94,63,-0.1189,0.4803
1109,0.997209,0,94,63,-0.1189,0.4803
1110,0.998109,0,94,63,-0.1189,0.4803
1111,0.999009,0,94,63,-0.1189,0.4803
1112,0.999909,0,94,63,-0.1189,0.4803
1113,1.000809,0,94,63,-0.1189,0.4803
1114,1.001709,0,94,63,-0.1189,0.4803
1115,1.002609,0,94,63,-0.1189,0.2402
1116,1.003509,0,94,63,-0.1189,0.2402
1117,1.004409,0,96,63,-0.1189,0.2402
1118,1.005309,0,96,63,-0.1189,0.2402
1119,1.006209,0,96,63,-0.1189,0.2402
1120,1.007109,0,96,63,-0.1189,0.2402
1121,1.008009,0,96,63,-0.1189,0.2402
1122,1.008909,0,96,63,-0.1189,0.2402
1123,1.009809,0,96,63,-0.1189,0.2402
1124,1.010709,0,96,63,-0.1189,0.2402
1125,1.011609,0,96,63,-0.1189,0.2402
1126,1.012509,0,96,63,-0.1189,0.2402
1127,1.013409,0,96,63,-0.1189,0.2402
1128,1.014309,0,96,63,-0.1189,0.2402
1129,1.015209,0,96,63,-0.1189,0.2402
1130,1.016109,0,96,63,-0.1189,0.2402
1131,1.017009,0,96,63,-0.1189,0.2402
1132,1.017909,0,96,63,-0.1189,0.2402
1133,1.018809,0,96,63,-0.1189,0.2402
1134,1.019709,0,96,63,-0.1189,0.2402
1135,1.020609,0,96,63,-0.1189,0.2402
1136,1.021509,0,96,63,-0.1189,0.2402
1137,1.022409,0,96,62,-0.1308,0.0000
1138,1.023309,0,96,62,-0.1308,0.0000
1139,1.024209,0,96,62,-0.1308,0.0000
1140,1.025109,0,96,62,-0.1308,0.0000
1141,1.026009,0,96,62,-0.1308,0.0000
1142,1.026909,0,96,62,-0.1308,-0.2402
1143,1.027809,0,96,62,-0.1308,-0.2402
1144,1.028709,0,96,62,-0.1308,-0.2402
1145,1.029609,0,96,62,-0.1308,-0.2402
1146,1.030509,0,96,62,-0.1308,-0.2402
1147,1.031409,0,96,62,-0.1308,-0.2402
1148,1.032309,0,96,62,-0.1308,-0.2402
1149,1.033209,0,96,62,-0.1308,-0.2402
1150,1.034109,0,96,62,-0.1308,-0.2402
1151,1.035009,0,96,62,-0.1308,-0.2402
1152,1.035909,0,96,62,-0.1308,-0.2402
1153,1.036809,0,96,62,-0.1308,-0.2402
1154,1.037709,0,96,62,-0.1308,-0.2402
1155,1.038609,0,96,62,-0.1308,-0.2402
1156,1.039509,0,96,62,-0.1308,-0.2402
1157,1.040409,0,96,62,-0.1308,-0.2402
1158,1.041309,0,96,62,-0.1308,-0.2402
1159,1.042209,0,96,62,-0.1308,-0.2402
1160,1.043109,0,96,62,-0.1308,-0.2402
1161,1.044009,0,96,62,-0.1308,-0.2402
1162,1.044909,0,96,62,-0.1308,-0.2402
1163,1.045809,0,96,62,-0.1308,-0.2402
1164,1.046709,0,96,62,-0.1308,-0.2402
1165,1.047609,0,96,62,-0.1308,-0.2402
1166,1.048509,0,96,62,-0.1308,-0.2402
1167,1.049409,0,96,62,-0.1308,-0.2402
1168,1.050309,0,96,62,-0.1308,-0.2402
1169,1.051209,0,97,62,-0.1308,-0.2402
1170,1.052110,0,97,62,-0.1308,-0.2402
1171,1.053010,0,97,62,-0.1308,-0.2402
1172,1.053910,0,97,62,-0.1308,-0.2402
1173,1.054810,0,97,61,-0.1427,-0.4803
1174,1.055710,0,97,61,-0.1427,-0.4803
1175,1.056610,0,97,61,-0.1427,-0.4803
1176,1.057510,0,97,61,-0.1427,-0.4803
1177,1.058410,0,97,61,-0.1427,-0.4803
1178,1.059310,0,97,61,-0.1427,-0.4803
1179,1.060210,0,97,61,-0.1427,-0.4803
1180,1.061110,0,97,61,-0.1427,-0.4803
1181,1.062010,0,97,61,-0.1427,-0.4803
1182,1.062910,0,97,61,-0.1427,-0.4803
1183,1.063810,0,97,61,-0.1427,-0.4803
1184,1.064710,0,97,61,-0.1427,-0.4803
1185,1.065610,0,100,61,-0.1427,-0.4803
1186,1.066510,0,100,61,-0.1427,-0.4803
1187,1.067410,0,100,61,-0.1427,-0.4803
1188,1.068310,0,100,61,-0.1427,-0.4803
1189,1.069210,0,100,61,-0.1427,-0.4803
1190,1.070110,0,100,61,-0.1427,-0.4803
1191,1.071010,0,100,61,-0.1427,-0.4803
1192,1.071910,0,100,61,-0.1427,-0.2402
1193,1.072810,0,100,61,-0.1427,-0.2402
1194,1.073710,0,100,61,-0.1427,-0.2402
1195,1.074610,0,100,61,-0.1427,-0.2402
1196,1.075510,0,100,61,-0.1427,-0.2402
1197,1.076410,0,100,61,-0.1427,-0.2402
1198,1.077310,0,100,61,-0.1427,-0.2402
1199,1.078210,0,100,61,-0.1427,-0.2402
1200,1.079110,0,100,61,-0.1427,-0.2402
1201,1.080010,0,100,61,-0.1427,-0.2402
1202,1.080910,0,100,61,-0.1427,-0.2402
1203,1.081810,0,100,61,-0.1427,-0.2402
1204,1.082710,0,100,61,-0.1427,-0.2402
1205,1.083610,0,100,61,-0.1427,-0.2402
1206,1.084510,0,100,61,-0.1427,-0.2402
1207,1.085410,0,100,61,-0.1427,-0.2402
1208,1.086310,0,100,61,-0.1427,-0.2402
1209,1.087210,0,100,61,-0.1427,-0.2402
1210,1.088110,0,100,61,-0.1427,-0.2402
1211,1.089010,0,100,61,-0.1427,-0.2402
1212,1.089910,0,100,62,-0.1308,0.0000
1213,1.090810,0,100,62,-0.1308,0.0000
1214,1.091710,0,100,62,-0.1308,0.0000
1215,1.092610,0,100,62,-0.1308,0.0000
1216,1.093510,0,100,62,-0.1308,0.0000
1217,1.094410,0,100,62,-0.1308,0.0000
1218,1.095310,0,100,62,-0.1308,0.0000
1219,1.096210,0,100,62,-0.1308,0.0000
1220,1.097110,0,100,62,-0.1308,0.0000
1221,1.098010,0,100,62,-0.1308,0.0000
1222,1.098910,0,100,62,-0.1308,0.0000
1223,1.099810,0,100,62,-0.1308,0.0000
1224,1.100710,0,100,62,-0.1308,0.0000
1225,1.101610,0,100,62,-0.1308,0.0000
1226,1.102510,0,100,62,-0.1308,0.0000
1227,1.103410,0,100,62,-0.1308,0.0000
1228,1.104310,0,100,62,-0.1308,0.2402
1229,1.105210,0,100,62,-0.1308,0.2402
1230,1.106110,0,100,62,-0.1308,0.2402
1231,1.107010,0,100,62,-0.1308,0.2402
1232,1.107910,0,100,62,-0.1308,0.2402
1233,1.108810,0,100,62,-0.1308,0.2402
1234,1.109710,0,100,62,-0.1308,0.2402
1235,1.110610,0,100,62,-0.1308,0.2402
1236,1.111510,0,101,62,-0.1308,0.2402
1237,1.112410,0,101,63,-0.1189,0.4803
1238,1.113310,0,101,63,-0.1189,0.4803
1239,1.114210,0,101,63,-0.1189,0.4803
1240,1.115110,0,101,63,-0.1189,0.4803
1241,1.116010,0,101,63,-0.1189,0.4803
1242,1.116910,0,101,63,-0.1189,0.4803
1243,1.117810,0,101,63,-0.1189,0.4803
1244,1.118710,0,101,63,-0.1189,0.4803
1245,1.119610,0,101,63,-0.1189,0.4803
1246,1.120510,0,101,63,-0.1189,0.4803
1247,1.121410,0,101,63,-0.1189,0.4803
1248,1.122310,0,101,63,-0.1189,0.4803
1249,1.123210,0,101,63,-0.1189,0.4803
1250,1.124110,0,101,63,-0.1189,0.4803
1251,1.125010,0,101,63,-0.1189,0.4803
1252,1.125910,0,104,64,-0.1070,0.7205
1253,1.126810,0,104,64,-0.1070,0.7205
1254,1.127710,0,104,64,-0.1070,0.7205
1255,1.128610,0,104,64,-0.1070,0.7205
1256,1.129511,0,104,64,-0.1070,0.7205
1257,1.130411,0,104,64,-0.1070,0.7205
1258,1.131311,0,104,64,-0.1070,0.7205
1259,1.132211,0,104,64,-0.1070,0.7205
1260,1.133111,0,104,64,-0.1070,0.7205
1261,1.134011,0,104,64,-0.1070,0.7205
1262,1.134910,0,104,64,-0.1070,0.7205
1263,1.135810,0,104,64,-0.1070,0.7205
1264,1.136710,0,104,64,-0.1070,0.7205
1265,1.137611,0,104,64,-0.1070,0.7205
1266,1.138511,0,104,64,-0.1070,0.7205
1267,1.139411,0,104,64,-0.1070,0.4803
1268,1.140311,0,104,65,-0.0951,0.7205
1269,1.141211,0,104,65,-0.0951,0.7205
1270,1.142110,0,104,65,-0.0951,0.7205
1271,1.143011,0,104,65,-0.0951,0.7205
1272,1.143911,0,104,65,-0.0951,0.7205
1273,1.144811,0,104,65,-0.0951,0.7205
1274,1.145711,0,104,65,-0.0951,0.7205
1275,1.146610,0,104,65,-0.0951,0.7205
1276,1.147510,0,104,65,-0.0951,0.7205
1277,1.148410,0,104,65,-0.0951,0.7205
1278,1.149310,0,104,65,-0.0951,0.7205
1279,1.150210,0,104,65,-0.0951,0.7205
1280,1.151110,0,104,65,-0.0951,0.7205
1281,1.152010,0,104,65,-0.0951,0.7205
1282,1.152911,0,104,65,-0.0951,0.7205
1283,1.153810,0,104,65,-0.0951,0.7205
1284,1.154710,0,104,65,-0.0951,0.7205
1285,1.155610,0,104,65,-0.0951,0.7205
1286,1.156510,0,104,65,-0.0951,0.7205
1287,1.157410,0,104,65,-0.0951,0.7205
1288,1.158310,0,104,65,-0.0951,0.7205
1289,1.159210,0,104,65,-0.0951,0.7205
1290,1.160110,0,104,65,-0.0951,0.7205
1291,1.161010,0,104,65,-0.0951,0.7205
1292,1.161910,0,104,65,-0.0951,0.4803
1293,1.162810,0,104,65,-0.0951,0.4803
1294,1.163710,0,104,65,-0.0951,0.4803
1295,1.164610,0,104,65,-0.0951,0.4803
1296,1.165510,0,104,65,-0.0951,0.4803
1297,1.166410,0,104,65,-0.0951,0.4803
1298,1.167310,0,104,65,-0.0951,0.4803
1299,1.168210,0,104,65,-0.0951,0.4803
1300,1.169110,0,104,65,-0.0951,0.4803
1301,1.170010,0,104,65,-0.0951,0.4803
1302,1.170910,0,104,65,-0.0951,0.4803
1303,1.171810,0,104,65,-0.0951,0.4803
1304,1.172710,0,104,65,-0.0951,0.4803
1305,1.173610,0,105,65,-0.0951,0.4803
1306,1.174510,0,105,65,-0.0951,0.4803
1307,1.175410,0,105,65,-0.0951,0.2402
1308,1.176310,0,105,65,-0.0951,0.2402
1309,1.177210,0,105,65,-0.0951,0.2402
1310,1.178110,0,105,65,-0.0951,0.2402
1311,1.179010,0,105,65,-0.0951,0.2402
1312,1.179910,0,105,65,-0.0951,0.2402
1313,1.180810,0,105,65,-0.0951,0.2402
1314,1.181710,0,105,64,-0.1070,0.0000
1315,1.182610,0,105,64,-0.1070,0.0000
1316,1.183510,0,105,64,-0.1070,0.0000
1317,1.184410,0,105,64,-0.1070,0.0000
1318,1.185310,0,105,64,-0.1070,0.0000
1319,1.186210,0,105,64,-0.1070,0.0000
1320,1.187110,0,105,64,-0.1070,0.0000
1321,1.188010,0,105,64,-0.1070,0.0000
1322,1.188910,0,105,64,-0.1070,0.0000
1323,1.189810,0,107,64,-0.1070,-0.2402
1324,1.190710,0,107,64,-0.1070,-0.2402
1325,1.191610,0,107,64,-0.1070,-0.2402
1326,1.192510,0,107,64,-0.1070,-0.2402
1327,1.193410,0,107,64,-0.1070,-0.2402
1328,1.194310,0,107,64,-0.1070,-0.2402
1329,1.195210,0,107,63,-0.1189,-0.4803
1330,1.196110,0,107,63,-0.1189,-0.4803
1331,1.197010,0,107,63,-0.1189,-0.4803
1332,1.197910,0,107,63,-0.1189,-0.4803
1333,1.198810,0,107,63,-0.1189,-0.4803
1334,1.199710,0,107,63,-0.1189,-0.4803
1335,1.200610,0,107,63,-0.1189,-0.4803
1336,1.201510,0,107,63,-0.1189,-0.4803
1337,1.202410,0,107,63,-0.1189,-0.4803
1338,1.203310,0,107,63,-0.1189,-0.4803
1339,1.204210,0,107,63,-0.1189,-0.4803
1340,1.205110,0,107,63,-0.1189,-0.4803
1341,1.206010,0,107,62,-0.1308,-0.7205
1342,1.206910,0,107,62,-0.1308,-0.7205
1343,1.207811,0,107,62,-0.1308,-0.7205
1344,1.208711,0,107,62,-0.1308,-0.7205
1345,1.209611,0,107,62,-0.1308,-0.7205
1346,1.210511,0,107,62,-0.1308,-0.7205
1347,1.211411,0,107,62,-0.1308,-0.7205
1348,1.212311,0,107,62,-0.1308,-0.7205
1349,1.213211,0,107,62,-0.1308,-0.7205
1350,1.214111,0,107,62,-0.1308,-0.7205
1351,1.215011,0,107,62,-0.1308,-0.7205
1352,1.215911,0,107,62,-0.1308,-0.7205
1353,1.216811,0,107,61,-0.1427,-0.9607
1354,1.217711,0,107,61,-0.1427,-0.9607
1355,1.218611,0,107,61,-0.1427,-0.9607
1356,1.219511,0,107,61,-0.1427,-0.9607
1357,1.220411,0,107,61,-0.1427,-0.9607
1358,1.221311,0,107,61,-0.1427,-0.9607
1359,1.222211,0,107,61,-0.1427,-0.9607
1360,1.223111,0,107,61,-0.1427,-0.9607
1361,1.224011,0,107,61,-0.1427,-0.9607
1362,1.224911,0,107,61,-0.1427,-0.9607
1363,1.225811,0,107,60,-0.1545,-1.2008
1364,1.226711,0,107,60,-0.1545,-1.2008
1365,1.227611,0,107,60,-0.1545,-1.2008
1366,1.228511,0,107,60,-0.1545,-1.2008
1367,1.229411,0,107,60,-0.1545,-1.2008
1368,1.230311,0,107,60,-0.1545,-1.2008
1369,1.231211,0,107,60,-0.1545,-0.9607
1370,1.232111,0,107,60,-0.1545,-0.9607
1371,1.233011,0,107,60,-0.1545,-0.9607
1372,1.233911,0,107,60,-0.1545,-0.9607
1373,1.234811,0,108,59,-0.1664,-1.2008
1374,1.235711,0,108,59,-0.1664,-1.2008
1375,1.236611,0,108,59,-0.1664,-1.2008
1376,1.237511,0,108,59,-0.1664,-1.2008
1377,1.238411,0,108,59,-0.1664,-1.2008
1378,1.239311,0,108,59,-0.1664,-1.2008
1379,1.240211,0,108,59,-0.1664,-1.2008
1380,1.241111,0,108,59,-0.1664,-1.2008
1381,1.242011,0,108,59,-0.1664,-1.2008
1382,1.242911,0,108,59,-0.1664,-1.2008
1383,1.243811,0,108,59,-0.1664,-1.2008
1384,1.244711,0,108,59,-0.1664,-0.9607
1385,1.245611,0,108,59,-0.1664,-0.9607
1386,1.246511,0,108,58,-0.1783,-1.2008
1387,1.247411,0,108,58,-0.1783,-1.2008
1388,1.248311,0,108,58,-0.1783,-1.2008
1389,1.249211,0,108,58,-0.1783,-1.2008
1390,1.250111,0,108,58,-0.1783,-1.2008
1391,1.251011,0,111,58,-0.1783,-1.2008
1392,1.251911,0,111,58,-0.1783,-1.2008
1393,1.252811,0,111,58,-0.1783,-1.2008
1394,1.253711,0,111,58,-0.1783,-1.2008
1395,1.254611,0,111,58,-0.1783,-1.2008
1396,1.255511,0,111,58,-0.1783,-0.9607
1397,1.256411,0,111,58,-0.1783,-0.9607
1398,1.257311,0,111,58,-0.1783,-0.9607
1399,1.258211,0,111,58,-0.1783,-0.9607
1400,1.259111,0,111,58,-0.1783,-0.9607
1401,1.260011,0,111,58,-0.1783,-0.9607
1402,1.260911,0,111,58,-0.1783,-0.9607
1403,1.261811,0,111,58,-0.1783,-0.9607
1404,1.262711,0,111,58,-0.1783,-0.9607
1405,1.263611,0,111,58,-0.1783,-0.9607
1406,1.264511,0,111,58,-0.1783,-0.9607
1407,1.265411,0,111,58,-0.1783,-0.9607
1408,1.266311,0,111,58,-0.1783,-0.7205
1409,1.267211,0,111,58,-0.1783,-0.7205
1410,1.268111,0,111,58,-0.1783,-0.7205
1411,1.269011,0,111,58,-0.1783,-0.7205
1412,1.269911,0,111,58,-0.1783,-0.7205
1413,1.270811,0,111,58,-0.1783,-0.7205
1414,1.271711,0,111,58,-0.1783,-0.7205
1415,1.272611,0,111,58,-0.1783,-0.7205
1416,1.273511,0,111,58,-0.1783,-0.7205
1417,1.274411,0,111,58,-0.1783,-0.7205
1418,1.275311,0,111,58,-0.1783,-0.4803
1419,1.276211,0,111,58,-0.1783,-0.4803
1420,1.277111,0,111,58,-0.1783,-0.4803
1421,1.278011,0,111,58,-0.1783,-0.4803
1422,1.278911,0,111,58,-0.1783,-0.4803
1423,1.279811,0,111,58,-0.1783,-0.4803
1424,1.280711,0,111,58,-0.1783,-0.4803
1425,1.281611,0,111,58,-0.1783,-0.4803
1426,1.282511,0,111,58,-0.1783,-0.4803
1427,1.283411,0,111,58,-0.1783,-0.4803
1428,1.284312,0,111,58,-0.1783,-0.2402
1429,1.285212,0,111,58,-0.1783,-0.2402
1430,1.286112,0,111,58,-0.1783,-0.2402
1431,1.287012,0,111,58,-0.1783,-0.2402
1432,1.287912,0,111,58,-0.1783,-0.2402
1433,1.288812,0,111,58,-0.1783,-0.2402
1434,1.289712,0,111,58,-0.1783,-0.2402
1435,1.290612,0,111,58,-0.1783,-0.2402
1436,1.291512,0,111,58,-0.1783,-0.2402
1437,1.292412,0,111,58,-0.1783,-0.2402
1438,1.293312,0,111,58,-0.1783,-0.2402
1439,1.294212,0,111,58,-0.1783,-0.2402
1440,1.295112,0,111,58,-0.1783,-0.2402
1441,1.296012,0,111,58,-0.1783,0.0000
1442,1.296912,0,111,58,-0.1783,0.0000
1443,1.297812,0,111,58,-0.1783,0.0000
1444,1.298712,0,112,58,-0.1783,0.0000
1445,1.299612,0,112,58,-0.1783,0.0000
1446,1.300512,0,112,58,-0.1783,0.0000
1447,1.301412,0,112,58,-0.1783,0.0000
1448,1.302312,0,112,58,-0.1783,0.0000
1449,1.303212,0,112,58,-0.1783,0.0000
1450,1.304112,0,112,58,-0.1783,0.0000
1451,1.305012,0,112,58,-0.1783,0.0000
1452,1.305912,0,112,58,-0.1783,0.0000
1453,1.306812,0,112,59,-0.1664,0.2402
1454,1.307712,0,112,59,-0.1664,0.2402
1455,1.308612,0,112,59,-0.1664,0.2402
1456,1.309512,0,112,59,-0.1664,0.2402
1457,1.310412,0,112,59,-0.1664,0.2402
1458,1.311312,0,112,59,-0.1664,0.2402
1459,1.312212,0,112,59,-0.1664,0.2402
1460,1.313112,0,112,59,-0.1664,0.2402
1461,1.314012,0,115,59,-0.1664,0.2402
1462,1.314912,0,115,59,-0.1664,0.2402
1463,1.315812,0,115,59,-0.1664,0.2402
1464,1.316712,0,115,59,-0.1664,0.2402
1465,1.317612,0,115,59,-0.1664,0.2402
1466,1.318512,0,115,60,-0.1545,0.4803
1467,1.319412,0,115,60,-0.1545,0.4803
1468,1.320312,0,115,60,-0.1545,0.4803
1469,1.321212,0,115,60,-0.1545,0.4803
1470,1.322112,0,115,60,-0.1545,0.4803
1471,1.323012,0,115,60,-0.1545,0.4803
1472,1.323912,0,115,60,-0.1545,0.4803
1473,1.324812,0,115,60,-0.1545,0.4803
1474,1.325712,0,115,60,-0.1545,0.4803
1475,1.326612,0,115,60,-0.1545,0.4803
1476,1.327512,0,115,60,-0.1545,0.4803
1477,1.328412,0,115,61,-0.1427,0.7205
1478,1.329312,0,115,61,-0.1427,0.7205
1479,1.330212,0,115,61,-0.1427,0.7205
1480,1.331112,0,115,61,-0.1427,0.7205
1481,1.332012,0,115,61,-0.1427,0.7205
1482,1.332912,0,115,61,-0.1427,0.7205
1483,1.333812,0,115,61,-0.1427,0.7205
1484,1.334712,0,115,61,-0.1427,0.7205
1485,1.335612,0,115,61,-0.1427,0.7205
1486,1.336512,0,115,61,-0.1427,0.7205
1487,1.337412,0,115,61,-0.1427,0.7205
1488,1.338312,0,115,61,-0.1427,0.7205
1489,1.339212,0,115,62,-0.1308,0.9607
1490,1.340112,0,115,62,-0.1308,0.9607
1491,1.341012,0,115,62,-0.1308,0.9607
1492,1.341912,0,115,62,-0.1308,0.9607
1493,1.342812,0,115,62,-0.1308,0.9607
1494,1.343712,0,115,62,-0.1308,0.9607
1495,1.344612,0,115,62,-0.1308,0.9607
1496,1.345512,0,115,62,-0.1308,0.9607
1497,1.346412,0,115,62,-0.1308,0.9607
1498,1.347312,0,115,62,-0.1308,0.9607
1499,1.348212,0,115,62,-0.1308,0.9607
1500,1.349112,0,115,62,-0.1308,0.9607
1501,1.350012,0,115,62,-0.1308,0.9607
1502,1.350912,0,115,62,-0.1308,0.9607
1503,1.351812,0,115,62,-0.1308,0.9607
1504,1.352712,0,115,62,-0.1308,0.9607
1505,1.353612,0,115,62,-0.1308,0.9607
1506,1.354512,0,115,62,-0.1308,0.9607
1507,1.355412,0,115,63,-0.1189,1.2008
1508,1.356312,0,115,63,-0.1189,0.9607
1509,1.357212,0,115,63,-0.1189,0.9607
1510,1.358112,0,115,63,-0.1189,0.9607
1511,1.359012,0,115,63,-0.1189,0.9607
1512,1.359912,0,116,63,-0.1189,0.9607
1513,1.360812,0,116,63,-0.1189,0.9607
1514,1.361712,0,116,63,-0.1189,0.9607
1515,1.362613,0,116,63,-0.1189,0.9607
1516,1.363513,0,116,63,-0.1189,0.9607
1517,1.364413,0,116,63,-0.1189,0.9607
1518,1.365313,0,116,63,-0.1189,0.9607
1519,1.366213,0,116,63,-0.1189,0.9607
1520,1.367113,0,116,63,-0.1189,0.9607
1521,1.368013,0,116,63,-0.1189,0.7205
1522,1.368913,0,116,63,-0.1189,0.7205
1523,1.369813,0,116,63,-0.1189,0.7205
1524,1.370713,0,116,63,-0.1189,0.7205
1525,1.371613,0,116,63,-0.1189,0.7205
1526,1.372513,0,116,63,-0.1189,0.7205
1527,1.373413,0,116,64,-0.1070,0.9607
1528,1.374313,0,116,64,-0.1070,0.9607
1529,1.375213,0,116,64,-0.1070,0.9607
1530,1.376113,0,119,64,-0.1070,0.9607
1531,1.377013,0,119,64,-0.1070,0.9607
1532,1.377913,0,119,64,-0.1070,0.7205
1533,1.378813,0,119,64,-0.1070,0.7205
1534,1.379713,0,119,64,-0.1070,0.7205
1535,1.380613,0,119,64,-0.1070,0.7205
1536,1.381513,0,119,64,-0.1070,0.7205
1537,1.382413,0,119,64,-0.1070,0.7205
1538,1.383313,0,119,64,-0.1070,0.7205
1539,1.384213,0,119,64,-0.1070,0.7205
1540,1.385113,0,119,64,-0.1070,0.7205
1541,1.386013,0,119,64,-0.1070,0.7205
1542,1.386913,0,119,64,-0.1070,0.7205
1543,1.387813,0,119,65,-0.0951,0.9607
1544,1.388713,0,119,65,-0.0951,0.7205
1545,1.389613,0,119,65,-0.0951,0.7205
1546,1.390513,0,119,65,-0.0951,0.7205
1547,1.391413,0,119,65,-0.0951,0.7205
1548,1.392313,0,119,65,-0.0951,0.7205
1549,1.393213,0,119,65,-0.0951,0.7205
1550,1.394113,0,119,65,-0.0951,0.7205
1551,1.395013,0,119,65,-0.0951,0.7205
1552,1.395913,0,119,65,-0.0951,0.7205
1553,1.396813,0,119,65,-0.0951,0.7205
1554,1.397713,0,119,65,-0.0951,0.7205
1555,1.398613,0,119,65,-0.0951,0.7205
1556,1.399513,0,119,65,-0.0951,0.7205
1557,1.400413,0,119,65,-0.0951,0.7205
1558,1.401313,0,119,65,-0.0951,0.7205
1559,1.402213,0,119,65,-0.0951,0.7205
1560,1.403113,0,119,65,-0.0951,0.7205
1561,1.404013,0,119,66,-0.0832,0.9607
1562,1.404913,0,119,66,-0.0832,0.7205
1563,1.405813,0,119,66,-0.0832,0.7205
1564,1.406713,0,119,66,-0.0832,0.7205
1565,1.407613,0,119,66,-0.0832,0.7205
1566,1.408513,0,119,66,-0.0832,0.7205
1567,1.409413,0,119,66,-0.0832,0.7205
1568,1.410313,0,119,66,-0.0832,0.7205
1569,1.411213,0,119,66,-0.0832,0.7205
1570,1.412113,0,119,66,-0.0832,0.7205
1571,1.413013,0,119,66,-0.0832,0.7205
1572,1.413913,0,119,66,-0.0832,0.7205
1573,1.414813,0,119,66,-0.0832,0.7205
1574,1.415713,0,119,66,-0.0832,0.7205
1575,1.416613,0,119,66,-0.0832,0.7205
1576,1.417513,0,119,66,-0.0832,0.7205
1577,1.418413,0,119,66,-0.0832,0.7205
1578,1.419313,0,119,66,-0.0832,0.7205
1579,1.420213,0,119,66,-0.0832,0.7205
1580,1.421113,0,119,66,-0.0832,0.7205
1581,1.422013,0,119,66,-0.0832,0.7205
1582,1.422913,0,119,66,-0.0832,0.4803
1583,1.423812,0,119,66,-0.0832,0.4803
1584,1.424712,0,120,66,-0.0832,0.4803
1585,1.425613,0,120,66,-0.0832,0.4803
1586,1.426513,0,120,67,-0.0713,0.7205
1587,1.427413,0,120,67,-0.0713,0.7205
1588,1.428312,0,120,67,-0.0713,0.7205
1589,1.429212,0,120,67,-0.0713,0.7205
1590,1.430112,0,120,67,-0.0713,0.7205
1591,1.431012,0,120,67,-0.0713,0.7205
1592,1.431912,0,120,67,-0.0713,0.7205
1593,1.432812,0,120,67,-0.0713,0.7205
1594,1.433712,0,120,67,-0.0713,0.7205
1595,1.434612,0,120,67,-0.0713,0.7205
1596,1.435512,0,120,67,-0.0713,0.7205
1597,1.436412,0,120,67,-0.0713,0.7205
1598,1.437312,0,120,67,-0.0713,0.4803
1599,1.438212,0,122,67,-0.0713,0.4803
1600,1.439112,0,122,67,-0.0713,0.4803
1601,1.440012,0,122,67,-0.0713,0.4803
1602,1.440913,0,122,67,-0.0713,0.4803
1603,1.441813,0,122,67,-0.0713,0.4803
1604,1.442713,0,122,67,-0.0713,0.4803
1605,1.443613,0,122,67,-0.0713,0.4803
1606,1.444513,0,122,67,-0.0713,0.4803
1607,1.445413,0,122,67,-0.0713,0.4803
1608,1.446313,0,122,67,-0.0713,0.4803
1609,1.447213,0,122,67,-0.0713,0.4803
1610,1.448113,0,122,67,-0.0713,0.4803
1611,1.449013,0,122,67,-0.0713,0.4803
1612,1.449913,0,122,68,-0.0594,0.7205
1613,1.450813,0,122,68,-0.0594,0.7205
1614,1.451713,0,122,68,-0.0594,0.7205
1615,1.452613,0,122,68,-0.0594,0.7205
1616,1.453513,0,122,68,-0.0594,0.4803
1617,1.454413,0,122,68,-0.0594,0.4803
1618,1.455313,0,122,68,-0.0594,0.4803
1619,1.456213,0,122,68,-0.0594,0.4803
1620,1.457113,0,122,68,-0.0594,0.4803
1621,1.458013,0,122,68,-0.0594,0.4803
1622,1.458913,0,122,68,-0.0594,0.4803
1623,1.459813,0,122,68,-0.0594,0.4803
1624,1.460713,0,122,68,-0.0594,0.4803
1625,1.461613,0,122,68,-0.0594,0.4803
1626,1.462513,0,122,68,-0.0594,0.4803
1627,1.463413,0,122,68,-0.0594,0.4803
1628,1.464313,0,122,68,-0.0594,0.4803
1629,1.465213,0,122,68,-0.0594,0.4803
1630,1.466113,0,122,69,-0.0476,0.7205
1631,1.467013,0,122,69,-0.0476,0.7205
1632,1.467913,0,122,69,-0.0476,0.7205
1633,1.468813,0,122,69,-0.0476,0.7205
1634,1.469713,0,122,69,-0.0476,0.7205
1635,1.470613,0,122,69,-0.0476,0.7205
1636,1.471513,0,122,69,-0.0476,0.7205
1637,1.472413,0,122,69,-0.0476,0.7205
1638,1.473313,0,122,69,-0.0476,0.7205
1639,1.474213,0,122,69,-0.0476,0.7205
1640,1.475113,0,122,69,-0.0476,0.7205
1641,1.476013,0,122,69,-0.0476,0.4803
1642,1.476913,0,122,69,-0.0476,0.4803
1643,1.477813,0,122,69,-0.0476,0.4803
1644,1.478713,0,122,69,-0.0476,0.4803
1645,1.479613,0,122,69,-0.0476,0.4803
1646,1.480513,0,122,69,-0.0476,0.4803
1647,1.481413,0,122,69,-0.0476,0.4803
1648,1.482313,0,122,69,-0.0476,0.4803
1649,1.483213,0,122,70,-0.0357,0.7205
1650,1.484113,0,122,70,-0.0357,0.7205
1651,1.485013,0,122,70,-0.0357,0.7205
1652,1.485913,0,122,70,-0.0357,0.7205
1653,1.486813,0,123,70,-0.0357,0.7205
1654,1.487713,0,123,70,-0.0357,0.7205
1655,1.488613,0,123,70,-0.0357,0.7205
1656,1.489513,0,123,70,-0.0357,0.7205
1657,1.490413,0,123,70,-0.0357,0.7205
1658,1.491313,0,123,70,-0.0357,0.7205
1659,1.492213,0,123,70,-0.0357,0.7205
1660,1.493113,0,123,70,-0.0357,0.7205
1661,1.494013,0,123,70,-0.0357,0.7205
1662,1.494913,0,123,70,-0.0357,0.7205
1663,1.495813,0,123,70,-0.0357,0.7205
1664,1.496713,0,123,70,-0.0357,0.7205
1665,1.497613,0,123,70,-0.0357,0.7205
1666,1.498513,0,123,70,-0.0357,0.7205
1667,1.499413,0,123,70,-0.0357,0.4803
1668,1.500313,0,123,70,-0.0357,0.4803
1669,1.501213,0,126,70,-0.0357,0.4803
1670,1.502113,0,126,70,-0.0357,0.4803
1671,1.503013,0,126,70,-0.0357,0.4803
1672,1.503913,0,126,70,-0.0357,0.4803
1673,1.504813,0,126,70,-0.0357,0.4803
1674,1.505713,0,126,70,-0.0357,0.4803
1675,1.506613,0,126,71,-0.0238,0.7205
1676,1.507513,0,126,71,-0.0238,0.7205
1677,1.508413,0,126,71,-0.0238,0.7205
1678,1.509313,0,126,71,-0.0238,0.7205
1679,1.510213,0,126,71,-0.0238,0.7205
1680,1.511113,0,126,71,-0.0238,0.7205
1681,1.512013,0,126,71,-0.0238,0.7205
1682,1.512913,0,126,71,-0.0238,0.7205
1683,1.513813,0,126,71,-0.0238,0.7205
1684,1.514713,0,126,71,-0.0238,0.7205
1685,1.515613,0,126,71,-0.0238,0.4803
1686,1.516513,0,126,71,-0.0238,0.4803
1687,1.517413,0,126,71,-0.0238,0.4803
1688,1.518314,0,126,71,-0.0238,0.4803
1689,1.519214,0,126,71,-0.0238,0.4803
1690,1.520114,0,126,71,-0.0238,0.4803
1691,1.521014,0,126,71,-0.0238,0.4803
1692,1.521914,0,126,71,-0.0238,0.4803
1693,1.522814,0,126,71,-0.0238,0.4803
1694,1.523714,0,126,71,-0.0238,0.4803
1695,1.524614,0,126,71,-0.0238,0.4803
1696,1.525514,0,126,71,-0.0238,0.4803
1697,1.526414,0,126,71,-0.0238,0.4803
1698,1.527314,0,126,71,-0.0238,0.4803
1699,1.528214,0,126,71,-0.0238,0.4803
1700,1.529114,0,126,71,-0.0238,0.4803
1701,1.530014,0,126,71,-0.0238,0.4803
1702,1.530914,0,126,71,-0.0238,0.4803
1703,1.531814,0,126,71,-0.0238,0.4803
1704,1.532714,0,126,71,-0.0238,0.2402
1705,1.533614,0,126,71,-0.0238,0.2402
1706,1.534514,0,126,71,-0.0238,0.2402
1707,1.535414,0,126,71,-0.0238,0.2402
1708,1.536314,0,126,71,-0.0238,0.2402
1709,1.537214,0,126,71,-0.0238,0.2402
1710,1.538114,0,126,71,-0.0238,0.2402
1711,1.539014,0,126,71,-0.0238,0.2402
1712,1.539914,0,126,71,-0.0238,0.2402
1713,1.540814,0,126,71,-0.0238,0.2402
1714,1.541714,0,126,71,-0.0238,0.2402
1715,1.542614,0,126,71,-0.0238,0.2402
1716,1.543514,0,126,71,-0.0238,0.2402
1717,1.544414,0,126,71,-0.0238,0.2402
1718,1.545314,0,126,71,-0.0238,0.2402
1719,1.546214,0,126,71,-0.0238,0.2402
1720,1.547114,0,126,71,-0.0238,0.2402
1721,1.548014,0,126,71,-0.0238,0.2402
1722,1.548914,0,126,71,-0.0238,0.2402
1723,1.549814,0,127,71,-0.0238,0.2402
1724,1.550714,0,127,71,-0.0238,0.2402
1725,1.551614,0,127,71,-0.0238,0.2402
1726,1.552514,0,127,71,-0.0238,0.2402
1727,1.553414,0,127,71,-0.0238,0.2402
1728,1.554314,0,127,71,-0.0238,0.2402
1729,1.555214,0,127,71,-0.0238,0.2402
1730,1.556114,0,127,71,-0.0238,0.0000
1731,1.557014,0,127,71,-0.0238,0.0000
1732,1.557914,0,127,71,-0.0238,0.0000
1733,1.558814,0,127,71,-0.0238,0.0000
1734,1.559714,0,127,71,-0.0238,0.0000
1735,1.560614,0,127,71,-0.0238,0.0000
1736,1.561514,0,127,71,-0.0238,0.0000
1737,1.562414,0,127,71,-0.0238,0.0000
1738,1.563314,0,127,71,-0.0238,0.0000
1739,1.564214,0,130,71,-0.0238,0.0000
1740,1.565114,0,130,71,-0.0238,0.0000
1741,1.566014,0,130,71,-0.0238,0.0000
1742,1.566914,0,130,71,-0.0238,0.0000
1743,1.567814,0,130,71,-0.0238,0.0000
1744,1.568714,0,130,71,-0.0238,0.0000
1745,1.569614,0,130,71,-0.0238,0.0000
1746,1.570514,0,130,71,-0.0238,0.0000
1747,1.571414,0,130,71,-0.0238,0.0000
1748,1.572314,0,130,71,-0.0238,0.0000
1749,1.573214,0,130,71,-0.0238,0.0000
1750,1.574114,0,130,71,-0.0238,0.0000
1751,1.575014,0,130,71,-0.0238,0.0000
1752,1.575914,0,130,71,-0.0238,0.0000
1753,1.576814,0,130,71,-0.0238,0.0000
1754,1.577714,0,130,71,-0.0238,0.0000
1755,1.578614,0,130,71,-0.0238,0.0000
1756,1.579514,0,130,71,-0.0238,0.0000
1757,1.580414,0,130,71,-0.0238,0.0000
1758,1.581314,0,130,71,-0.0238,0.0000
1759,1.582214,0,130,71,-0.0238,0.0000
1760,1.583114,0,130,71,-0.0238,0.0000
1761,1.584014,0,130,71,-0.0238,0.0000
1762,1.584914,0,130,71,-0.0238,0.0000
1763,1.585814,0,130,71,-0.0238,0.0000
1764,1.586714,0,130,71,-0.0238,0.0000
1765,1.587614,0,130,71,-0.0238,0.0000
1766,1.588514,0,130,71,-0.0238,0.0000
1767,1.589414,0,130,71,-0.0238,0.0000
1768,1.590314,0,130,71,-0.0238,0.0000
1769,1.591214,0,130,71,-0.0238,0.0000
1770,1.592114,0,130,71,-0.0238,0.0000
1771,1.593014,0,130,71,-0.0238,0.0000
1772,1.593914,0,130,71,-0.0238,0.0000
1773,1.594814,0,130,71,-0.0238,0.0000
1774,1.595714,0,130,71,-0.0238,0.0000
1775,1.596615,0,130,71,-0.0238,0.0000
1776,1.597515,0,130,71,-0.0238,0.0000
1777,1.598415,0,130,71,-0.0238,0.0000
1778,1.599315,0,130,71,-0.0238,0.0000
1779,1.600215,0,130,71,-0.0238,0.0000
1780,1.601115,0,130,71,-0.0238,0.0000
1781,1.602015,0,130,71,-0.0238,0.0000
1782,1.602915,0,130,71,-0.0238,0.0000
1783,1.603815,0,130,71,-0.0238,0.0000
1784,1.604715,0,130,71,-0.0238,0.0000
1785,1.605615,0,130,71,-0.0238,0.0000
1786,1.606515,0,130,71,-0.0238,0.0000
1787,1.607415,0,130,71,-0.0238,0.0000
1788,1.608315,0,130,71,-0.0238,0.0000
1789,1.609215,0,131,71,-0.0238,0.0000
1790,1.610115,0,131,71,-0.0238,0.0000
1791,1.611015,0,131,71,-0.0238,0.0000
1792,1.611915,0,131,71,-0.0238,0.0000
1793,1.612815,0,131,71,-0.0238,0.0000
1794,1.613715,0,131,71,-0.0238,0.0000
1795,1.614615,0,131,71,-0.0238,0.0000
1796,1.615515,0,131,71,-0.0238,0.0000
1797,1.616415,0,131,71,-0.0238,0.0000
1798,1.617315,0,131,71,-0.0238,0.0000
1799,1.618215,0,131,71,-0.0238,0.0000
1800,1.619115,0,131,71,-0.0238,0.0000
1801,1.620015,0,131,71,-0.0238,0.0000
1802,1.620915,0,131,71,-0.0238,0.0000
1803,1.621815,0,131,71,-0.0238,0.0000
1804,1.622715,0,131,71,-0.0238,0.0000
1805,1.623615,0,131,71,-0.0238,0.0000
1806,1.624515,0,131,71,-0.0238,0.0000
1807,1.625415,0,134,71,-0.0238,0.0000
1808,1.626315,0,134,71,-0.0238,0.0000
1809,1.627215,0,134,71,-0.0238,0.0000
1810,1.628115,0,134,71,-0.0238,0.0000
1811,1.629015,0,134,71,-0.0238,0.0000
1812,1.629915,0,134,71,-0.0238,0.0000
1813,1.630815,0,134,71,-0.0238,0.0000
1814,1.631715,0,134,71,-0.0238,0.0000
1815,1.632615,0,134,71,-0.0238,0.0000
1816,1.633515,0,134,71,-0.0238,0.0000
1817,1.634415,0,134,71,-0.0238,0.0000
1818,1.635315,0,134,71,-0.0238,0.0000
1819,1.636215,0,134,71,-0.0238,0.0000
1820,1.637115,0,134,71,-0.0238,0.0000
1821,1.638015,0,134,71,-0.0238,0.0000
1822,1.638915,0,134,71,-0.0238,0.0000
1823,1.639815,0,134,71,-0.0238,0.0000
1824,1.640715,0,134,71,-0.0238,0.0000
1825,1.641615,0,134,71,-0.0238,0.0000
1826,1.642515,0,134,71,-0.0238,0.0000
1827,1.643415,0,134,71,-0.0238,0.0000
1828,1.644315,0,134,71,-0.0238,0.0000
1829,1.645215,0,134,71,-0.0238,0.0000
1830,1.646115,0,134,71,-0.0238,0.0000
1831,1.647015,0,134,71,-0.0238,0.0000
1832,1.647915,0,134,71,-0.0238,0.0000
1833,1.648815,0,134,71,-0.0238,0.0000
1834,1.649715,0,134,71,-0.0238,0.0000
1835,1.650615,0,134,71,-0.0238,0.0000
1836,1.651515,0,134,71,-0.0238,0.0000
1837,1.652415,0,134,71,-0.0238,0.0000
1838,1.653315,0,134,71,-0.0238,0.0000
1839,1.654215,0,134,71,-0.0238,0.0000
1840,1.655115,0,134,71,-0.0238,0.0000
1841,1.656015,0,134,71,-0.0238,0.0000
1842,1.656915,0,134,71,-0.0238,0.0000
1843,1.657815,0,134,71,-0.0238,0.0000
1844,1.658715,0,134,71,-0.0238,0.0000
1845,1.659615,0,134,71,-0.0238,0.0000
1846,1.660515,0,134,71,-0.0238,0.0000
1847,1.661415,0,134,71,-0.0238,0.0000
1848,1.662315,0,134,71,-0.0238,0.0000
1849,1.663215,0,134,71,-0.0238,0.0000
1850,1.664115,0,134,71,-0.0238,0.0000
1851,1.665015,0,134,71,-0.0238,0.0000
1852,1.665915,0,134,71,-0.0238,0.0000
1853,1.666815,0,134,71,-0.0238,0.0000
1854,1.667715,0,134,71,-0.0238,0.0000
1855,1.668615,0,134,71,-0.0238,0.0000
1856,1.669515,0,134,71,-0.0238,0.0000
1857,1.670415,0,134,71,-0.0238,0.0000
1858,1.671315,0,135,71,-0.0238,0.0000
1859,1.672215,0,135,71,-0.0238,0.0000
1860,1.673115,0,135,71,-0.0238,0.0000
1861,1.674016,0,135,71,-0.0238,0.0000
1862,1.674916,0,135,71,-0.0238,0.0000
1863,1.675816,0,135,71,-0.0238,0.0000
1864,1.676715,0,135,71,-0.0238,0.0000
1865,1.677616,0,135,71,-0.0238,0.0000
1866,1.678516,0,135,71,-0.0238,0.0000
1867,1.679416,0,135,71,-0.0238,0.0000
1868,1.680316,0,135,71,-0.0238,0.0000
1869,1.681216,0,135,71,-0.0238,0.0000
1870,1.682116,0,135,71,-0.0238,0.0000
1871,1.683016,0,135,71,-0.0238,0.0000
1872,1.683916,0,135,71,-0.0238,0.0000
1873,1.684816,0,135,71,-0.0238,0.0000
1874,1.685716,0,137,71,-0.0238,0.0000
1875,1.686616,0,137,71,-0.0238,0.0000
1876,1.687515,0,137,71,-0.0238,0.0000
1877,1.688415,0,137,71,-0.0238,0.0000
1878,1.689315,0,137,71,-0.0238,0.0000
1879,1.690215,0,137,71,-0.0238,0.0000
1880,1.691115,0,137,71,-0.0238,0.0000
1881,1.692015,0,137,71,-0.0238,0.0000
1882,1.692915,0,137,71,-0.0238,0.0000
1883,1.693816,0,137,71,-0.0238,0.0000
1884,1.694715,0,137,71,-0.0238,0.0000
1885,1.695615,0,137,71,-0.0238,0.0000
1886,1.696515,0,137,72,-0.0119,0.2402
1887,1.697415,0,137,72,-0.0119,0.2402
1888,1.698316,0,137,72,-0.0119,0.2402
1889,1.699215,0,137,72,-0.0119,0.2402
1890,1.700115,0,137,72,-0.0119,0.2402
1891,1.701015,0,137,72,-0.0119,0.2402
1892,1.701915,0,137,72,-0.0119,0.2402
1893,1.702815,0,137,72,-0.0119,0.2402
1894,1.703715,0,137,72,-0.0119,0.2402
1895,1.704615,0,137,72,-0.0119,0.2402
1896,1.705515,0,137,72,-0.0119,0.2402
1897,1.706415,0,137,72,-0.0119,0.2402
1898,1.707315,0,137,72,-0.0119,0.2402
1899,1.708215,0,137,72,-0.0119,0.2402
1900,1.709115,0,137,72,-0.0119,0.2402
1901,1.710015,0,137,72,-0.0119,0.2402
1902,1.710915,0,137,72,-0.0119,0.2402
1903,1.711815,0,137,73,0.0000,0.4803
1904,1.712715,0,137,73,0.0000,0.4803
1905,1.713615,0,137,73,0.0000,0.4803
1906,1.714515,0,137,73,0.0000,0.4803
1907,1.715415,0,137,73,0.0000,0.4803
1908,1.716315,0,137,73,0.0000,0.4803
1909,1.717215,0,137,73,0.0000,0.4803
1910,1.718115,0,137,73,0.0000,0.4803
1911,1.719015,0,137,73,0.0000,0.4803
1912,1.719915,0,137,73,0.0000,0.4803
1913,1.720815,0,137,73,0.0000,0.4803
1914,1.721715,0,137,73,0.0000,0.4803
1915,1.722615,0,137,73,0.0000,0.4803
1916,1.723515,0,137,73,0.0000,0.4803
1917,1.724415,0,137,73,0.0000,0.4803
1918,1.725315,0,137,73,0.0000,0.4803
1919,1.726215,0,137,73,0.0000,0.4803
1920,1.727115,0,137,74,0.0119,0.7205
1921,1.728015,0,137,74,0.0119,0.7205
1922,1.728915,0,137,74,0.0119,0.7205
1923,1.729815,0,137,74,0.0119,0.7205
1924,1.730715,0,137,74,0.0119,0.7205
1925,1.731615,0,137,74,0.0119,0.7205
1926,1.732515,0,137,74,0.0119,0.7205
1927,1.733415,0,138,74,0.0119,0.7205
1928,1.734315,0,138,74,0.0119,0.7205
1929,1.735215,0,138,74,0.0119,0.7205
1930,1.736115,0,138,74,0.0119,0.7205
1931,1.737015,0,138,74,0.0119,0.7205
1932,1.737915,0,138,74,0.0119,0.7205
1933,1.738815,0,138,74,0.0119,0.7205
1934,1.739715,0,138,74,0.0119,0.7205
1935,1.740615,0,138,74,0.0119,0.7205
1936,1.741515,0,138,74,0.0119,0.7205
1937,1.742415,0,138,74,0.0119,0.7205
1938,1.743315,0,138,74,0.0119,0.7205
1939,1.744215,0,138,74,0.0119,0.7205
1940,1.745115,0,138,74,0.0119,0.7205
1941,1.746015,0,138,74,0.0119,0.4803
1942,1.746915,0,138,74,0.0119,0.4803
1943,1.747815,0,138,74,0.0119,0.4803
1944,1.748715,0,138,75,0.0238,0.7205
1945,1.749615,0,141,75,0.0238,0.7205
1946,1.750515,0,141,75,0.0238,0.7205
1947,1.751416,0,141,75,0.0238,0.7205
1948,1.752316,0,141,75,0.0238,0.7205
1949,1.753216,0,141,75,0.0238,0.7205
1950,1.754116,0,141,75,0.0238,0.7205
1951,1.755016,0,141,75,0.0238,0.7205
1952,1.755916,0,141,75,0.0238,0.7205
1953,1.756816,0,141,75,0.0238,0.7205
1954,1.757716,0,141,75,0.0238,0.7205
1955,1.758616,0,141,75,0.0238,0.7205
1956,1.759516,0,141,75,0.0238,0.7205
1957,1.760416,0,141,75,0.0238,0.7205
1958,1.761316,0,141,75,0.0238,0.4803
1959,1.762216,0,141,75,0.0238,0.4803
1960,1.763116,0,141,75,0.0238,0.4803
1961,1.764016,0,141,75,0.0238,0.4803
1962,1.764916,0,141,75,0.0238,0.4803
1963,1.765816,0,141,75,0.0238,0.4803
1964,1.766716,0,141,75,0.0238,0.4803
1965,1.767616,0,141,75,0.0238,0.4803
1966,1.768516,0,141,75,0.0238,0.4803
1967,1.769416,0,141,75,0.0238,0.4803
1968,1.770316,0,141,75,0.0238,0.4803
1969,1.771216,0,141,75,0.0238,0.4803
1970,1.772116,0,141,75,0.0238,0.4803
1971,1.773016,0,141,75,0.0238,0.4803
1972,1.773916,0,141,75,0.0238,0.4803
1973,1.774816,0,141,75,0.0238,0.4803
1974,1.775716,0,141,75,0.0238,0.4803
1975,1.776616,0,141,76,0.0357,0.4803
1976,1.777516,0,141,76,0.0357,0.4803
1977,1.778416,0,141,76,0.0357,0.4803
1978,1.779316,0,141,76,0.0357,0.4803
1979,1.780216,0,141,76,0.0357,0.4803
1980,1.781116,0,141,76,0.0357,0.4803
1981,1.782016,0,141,76,0.0357,0.4803
1982,1.782916,0,141,76,0.0357,0.4803
1983,1.783816,0,141,76,0.0357,0.4803
1984,1.784716,0,141,76,0.0357,0.4803
1985,1.785616,0,141,76,0.0357,0.4803
1986,1.786516,0,141,76,0.0357,0.4803
1987,1.787416,0,141,76,0.0357,0.4803
1988,1.788316,0,141,76,0.0357,0.4803
1989,1.789216,0,141,76,0.0357,0.4803
1990,1.790116,0,141,76,0.0357,0.4803
1991,1.791016,0,141,76,0.0357,0.4803
1992,1.791916,0,141,76,0.0357,0.4803
1993,1.792816,0,141,76,0.0357,0.4803
1994,1.793716,0,141,76,0.0357,0.4803
1995,1.794616,0,141,76,0.0357,0.4803
1996,1.795516,0,142,76,0.0357,0.4803
1997,1.796416,0,142,76,0.0357,0.4803
1998,1.797316,0,142,76,0.0357,0.4803
1999,1.798216,0,142,76,0.0357,0.2402
2000,1.799116,0,142,76,0.0357,0.2402
2001,1.800016,0,142,76,0.0357,0.2402
2002,1.800916,0,142,76,0.0357,0.2402
2003,1.801816,0,142,76,0.0357,0.2402
2004,1.802716,0,142,76,0.0357,0.2402
2005,1.803616,0,142,76,0.0357,0.2402
2006,1.804516,0,142,76,0.0357,0.2402
2007,1.805416,0,142,76,0.0357,0.2402
2008,1.806316,0,142,76,0.0357,0.2402
2009,1.807216,0,142,76,0.0357,0.2402
2010,1.808116,0,142,76,0.0357,0.2402
2011,1.809016,0,142,76,0.0357,0.2402
2012,1.809916,0,145,76,0.0357,0.2402
2013,1.810816,0,145,76,0.0357,0.2402
2014,1.811716,0,145,76,0.0357,0.2402
2015,1.812616,0,145,76,0.0357,0.2402
2016,1.813516,0,145,76,0.0357,0.2402
2017,1.814416,0,145,76,0.0357,0.2402
2018,1.815316,0,145,76,0.0357,0.2402
2019,1.816216,0,145,76,0.0357,0.2402
2020,1.817116,0,145,76,0.0357,0.2402
2021,1.818016,0,145,76,0.0357,0.2402
2022,1.818916,0,145,76,0.0357,0.2402
2023,1.819816,0,145,76,0.0357,0.2402
2024,1.820716,0,145,76,0.0357,0.2402
2025,1.821616,0,145,76,0.0357,0.2402
2026,1.822516,0,145,76,0.0357,0.2402
2027,1.823416,0,145,76,0.0357,0.2402
2028,1.824316,0,145,76,0.0357,0.2402
2029,1.825216,0,145,76,0.0357,0.2402
2030,1.826116,0,145,76,0.0357,0.0000
2031,1.827016,0,145,76,0.0357,0.0000
2032,1.827916,0,145,76,0.0357,0.0000
2033,1.828816,0,145,76,0.0357,0.0000
2034,1.829716,0,145,76,0.0357,0.0000
2035,1.830617,0,145,76,0.0357,0.0000
2036,1.831517,0,145,76,0.0357,0.0000
2037,1.832417,0,145,76,0.0357,0.0000
2038,1.833317,0,145,76,0.0357,0.0000
2039,1.834217,0,145,76,0.0357,0.0000
2040,1.835117,0,145,76,0.0357,0.0000
2041,1.836017,0,145,76,0.0357,0.0000
2042,1.836917,0,145,76,0.0357,0.0000
2043,1.837817,0,145,76,0.0357,0.0000
2044,1.838717,0,145,76,0.0357,0.0000
2045,1.839617,0,145,76,0.0357,0.0000
2046,1.840517,0,145,76,0.0357,0.0000
2047,1.841417,0,145,76,0.0357,0.0000
2048,1.842317,0,145,76,0.0357,0.0000
2049,1.843217,0,145,76,0.0357,0.0000
2050,1.844117,0,145,76,0.0357,0.0000
2051,1.845017,0,145,76,0.0357,0.0000
2052,1.845917,0,145,76,0.0357,0.0000
2053,1.846817,0,145,76,0.0357,0.0000
2054,1.847717,0,145,76,0.0357,0.0000
2055,1.848617,0,145,76,0.0357,0.0000
2056,1.849517,0,145,76,0.0357,0.0000
2057,1.850417,0,145,76,0.0357,0.0000
2058,1.851317,0,145,76,0.0357,0.0000
2059,1.852217,0,145,76,0.0357,0.0000
2060,1.853117,0,145,76,0.0357,0.0000
2061,1.854017,0,145,76,0.0357,0.0000
2062,1.854917,0,145,76,0.0357,0.0000
2063,1.855817,0,145,76,0.0357,0.0000
2064,1.856717,0,146,76,0.0357,0.0000
2065,1.857617,0,146,76,0.0357,0.0000
2066,1.858517,0,146,76,0.0357,0.0000
2067,1.859417,0,146,76,0.0357,0.0000
2068,1.860317,0,146,76,0.0357,0.0000
2069,1.861217,0,146,76,0.0357,0.0000
2070,1.862117,0,146,76,0.0357,0.0000
2071,1.863017,0,146,76,0.0357,0.0000
2072,1.863917,0,146,76,0.0357,0.0000
2073,1.864817,0,146,76,0.0357,0.0000
2074,1.865717,0,146,76,0.0357,0.0000
2075,1.866617,0,146,76,0.0357,0.0000
2076,1.867517,0,146,76,0.0357,0.0000
2077,1.868417,0,146,76,0.0357,0.0000
2078,1.869317,0,146,76,0.0357,0.0000
2079,1.870217,0,146,76,0.0357,0.0000
2080,1.871117,0,146,76,0.0357,0.0000
2081,1.872017,0,149,76,0.0357,0.0000
2082,1.872917,0,149,76,0.0357,0.0000
2083,1.873817,0,149,76,0.0357,0.0000
2084,1.874717,0,149,75,0.0238,-0.2402
2085,1.875617,0,149,75,0.0238,-0.2402
2086,1.876517,0,149,75,0.0238,-0.2402
2087,1.877417,0,149,75,0.0238,-0.2402
2088,1.878317,0,149,75,0.0238,-0.2402
2089,1.879217,0,149,75,0.0238,-0.2402
2090,1.880117,0,149,75,0.0238,-0.2402
2091,1.881017,0,149,75,0.0238,-0.2402
2092,1.881917,0,149,75,0.0238,-0.2402
2093,1.882817,0,149,75,0.0238,-0.2402
2094,1.883717,0,149,75,0.0238,-0.2402
2095,1.884617,0,149,75,0.0238,-0.2402
2096,1.885517,0,149,75,0.0238,-0.2402
2097,1.886417,0,149,75,0.0238,-0.2402
2098,1.887317,0,149,75,0.0238,-0.2402
2099,1.888217,0,149,75,0.0238,-0.2402
2100,1.889117,0,149,75,0.0238,-0.2402
2101,1.890017,0,149,75,0.0238,-0.2402
2102,1.890917,0,149,75,0.0238,-0.2402
2103,1.891817,0,149,75,0.0238,-0.2402
2104,1.892717,0,149,75,0.0238,-0.2402
2105,1.893617,0,149,75,0.0238,-0.2402
2106,1.894517,0,149,75,0.0238,-0.2402
2107,1.895417,0,149,74,0.0119,-0.4803
2108,1.896317,0,149,74,0.0119,-0.4803
2109,1.897217,0,149,74,0.0119,-0.4803
2110,1.898117,0,149,74,0.0119,-0.4803
2111,1.899017,0,149,74,0.0119,-0.4803
2112,1.899917,0,149,74,0.0119,-0.4803
2113,1.900817,0,149,74,0.0119,-0.4803
2114,1.901717,0,149,74,0.0119,-0.4803
2115,1.902617,0,149,74,0.0119,-0.4803
2116,1.903517,0,149,74,0.0119,-0.4803
2117,1.904417,0,149,74,0.0119,-0.4803
2118,1.905317,0,149,74,0.0119,-0.4803
2119,1.906217,0,149,74,0.0119,-0.4803
2120,1.907118,0,149,74,0.0119,-0.4803
2121,1.908018,0,149,74,0.0119,-0.4803
2122,1.908918,0,149,74,0.0119,-0.4803
2123,1.909818,0,149,73,0.0000,-0.7205
2124,1.910718,0,149,73,0.0000,-0.7205
2125,1.911618,0,149,73,0.0000,-0.7205
2126,1.912518,0,149,73,0.0000,-0.7205
2127,1.913418,0,149,73,0.0000,-0.7205
2128,1.914318,0,149,73,0.0000,-0.7205
2129,1.915218,0,149,73,0.0000,-0.7205
2130,1.916118,0,149,73,0.0000,-0.7205
2131,1.917018,0,149,73,0.0000,-0.7205
2132,1.917918,0,149,73,0.0000,-0.7205
2133,1.918818,0,149,73,0.0000,-0.7205
2134,1.919718,0,149,73,0.0000,-0.7205
2135,1.920618,0,149,72,-0.0119,-0.9607
2136,1.921518,0,149,72,-0.0119,-0.9607
2137,1.922418,0,149,72,-0.0119,-0.9607
2138,1.923318,0,149,72,-0.0119,-0.9607
2139,1.924218,0,149,72,-0.0119,-0.7205
2140,1.925118,0,149,72,-0.0119,-0.7205
2141,1.926018,0,149,72,-0.0119,-0.7205
2142,1.926918,0,149,72,-0.0119,-0.7205
2143,1.927818,0,149,71,-0.0238,-0.9607
2144,1.928718,0,149,71,-0.0238,-0.9607
2145,1.929618,0,149,71,-0.0238,-0.9607
2146,1.930518,0,149,71,-0.0238,-0.9607
2147,1.931418,0,149,71,-0.0238,-0.9607
2148,1.932318,0,149,71,-0.0238,-0.9607
2149,1.933218,0,149,71,-0.0238,-0.9607
2150,1.934118,0,149,71,-0.0238,-0.9607
2151,1.935018,0,152,71,-0.0238,-0.9607
2152,1.935918,0,152,70,-0.0357,-1.2008
2153,1.936818,0,152,70,-0.0357,-1.2008
2154,1.937718,0,152,70,-0.0357,-1.2008
2155,1.938618,0,152,70,-0.0357,-1.2008
2156,1.939518,0,152,70,-0.0357,-1.2008
2157,1.940418,0,152,70,-0.0357,-1.2008
2158,1.941318,0,152,70,-0.0357,-1.2008
2159,1.942218,0,152,70,-0.0357,-1.2008
2160,1.943118,0,152,70,-0.0357,-1.2008
2161,1.944018,0,152,70,-0.0357,-1.2008
2162,1.944918,0,152,70,-0.0357,-0.9607
2163,1.945818,0,152,69,-0.0476,-1.2008
2164,1.946718,0,152,69,-0.0476,-1.2008
2165,1.947618,0,152,69,-0.0476,-1.2008
2166,1.948518,0,152,69,-0.0476,-1.2008
2167,1.949418,0,152,69,-0.0476,-1.2008
2168,1.950318,0,152,69,-0.0476,-1.2008
2169,1.951218,0,152,69,-0.0476,-1.2008
2170,1.952118,0,152,69,-0.0476,-1.2008
2171,1.953018,0,152,69,-0.0476,-1.2008
2172,1.953918,0,152,68,-0.0594,-1.4410
2173,1.954818,0,152,68,-0.0594,-1.4410
2174,1.955718,0,152,68,-0.0594,-1.4410
2175,1.956618,0,152,68,-0.0594,-1.4410
2176,1.957518,0,152,68,-0.0594,-1.4410
2177,1.958418,0,152,68,-0.0594,-1.4410
2178,1.959318,0,152,68,-0.0594,-1.2008
2179,1.960218,0,152,68,-0.0594,-1.2008
2180,1.961118,0,152,67,-0.0713,-1.4410
2181,1.962018,0,152,67,-0.0713,-1.4410
2182,1.962918,0,152,67,-0.0713,-1.4410
2183,1.963818,0,152,67,-0.0713,-1.4410
2184,1.964718,0,152,67,-0.0713,-1.4410
2185,1.965618,0,152,67,-0.0713,-1.4410
2186,1.966518,0,152,67,-0.0713,-1.4410
2187,1.967418,0,152,67,-0.0713,-1.4410
2188,1.968318,0,152,67,-0.0713,-1.4410
2189,1.969218,0,152,67,-0.0713,-1.4410
2190,1.970117,0,152,66,-0.0832,-1.4410
2191,1.971018,0,152,66,-0.0832,-1.4410
2192,1.971918,0,152,66,-0.0832,-1.4410
2193,1.972818,0,152,66,-0.0832,-1.4410
2194,1.973718,0,152,66,-0.0832,-1.4410
2195,1.974618,0,152,66,-0.0832,-1.4410
2196,1.975518,0,152,66,-0.0832,-1.4410
2197,1.976418,0,152,66,-0.0832,-1.4410
2198,1.977318,0,152,66,-0.0832,-1.2008
2199,1.978218,0,152,66,-0.0832,-1.2008
2200,1.979118,0,152,65,-0.0951,-1.4410
2201,1.980018,0,152,65,-0.0951,-1.4410
2202,1.980917,0,152,65,-0.0951,-1.4410
2203,1.981817,0,152,65,-0.0951,-1.4410
2204,1.982717,0,152,65,-0.0951,-1.4410
2205,1.983617,0,153,65,-0.0951,-1.4410
2206,1.984517,0,153,65,-0.0951,-1.4410
2207,1.985418,0,153,65,-0.0951,-1.2009
2208,1.986318,0,153,65,-0.0951,-1.2009
2209,1.987219,0,153,64,-0.1070,-1.4410
2210,1.988119,0,153,64,-0.1070,-1.4410
2211,1.989018,0,153,64,-0.1070,-1.4410
2212,1.989918,0,153,64,-0.1070,-1.4410
2213,1.990818,0,153,64,-0.1070,-1.4410
2214,1.991718,0,153,64,-0.1070,-1.4410
2215,1.992618,0,153,64,-0.1070,-1.4410
2216,1.993518,0,153,63,-0.1189,-1.6812
2217,1.994418,0,153,63,-0.1189,-1.6812
2218,1.995318,0,153,63,-0.1189,-1.4410
2219,1.996218,0,153,63,-0.1189,-1.4410
2220,1.997118,0,153,63,-0.1189,-1.4410
2221,1.998018,0,156,63,-0.1189,-1.4410
2222,1.998918,0,156,63,-0.1189,-1.4410
2223,1.999818,0,156,63,-0.1189,-1.4410
2224,2.000718,0,156,63,-0.1189,-1.4410
2225,2.001618,0,156,63,-0.1189,-1.4410
2226,2.002518,0,156,62,-0.1308,-1.6812
2227,2.003418,0,156,62,-0.1308,-1.4410
2228,2.004318,0,156,62,-0.1308,-1.4410
2229,2.005218,0,156,62,-0.1308,-1.4410
2230,2.006118,0,156,62,-0.1308,-1.4410
2231,2.007018,0,156,62,-0.1308,-1.4410
2232,2.007918,0,156,62,-0.1308,-1.4410
2233,2.008818,0,156,62,-0.1308,-1.4410
2234,2.009718,0,156,62,-0.1308,-1.4410
2235,2.010618,0,156,62,-0.1308,-1.2009
2236,2.011518,0,156,62,-0.1308,-1.2009
2237,2.012418,0,156,61,-0.1427,-1.4410
2238,2.013318,0,156,61,-0.1427,-1.4410
2239,2.014218,0,156,61,-0.1427,-1.4410
2240,2.015118,0,156,61,-0.1427,-1.4410
2241,2.016018,0,156,61,-0.1427,-1.4410
2242,2.016918,0,156,61,-0.1427,-1.4410
2243,2.017818,0,156,61,-0.1427,-1.4410
2244,2.018718,0,156,61,-0.1427,-1.4410
2245,2.019618,0,156,61,-0.1427,-1.2008
2246,2.020518,0,156,60,-0.1545,-1.4410
2247,2.021418,0,156,60,-0.1545,-1.4410
2248,2.022318,0,156,60,-0.1545,-1.4410
2249,2.023218,0,156,60,-0.1545,-1.4410
2250,2.024118,0,156,60,-0.1545,-1.4410
2251,2.025018,0,156,60,-0.1545,-1.4410
2252,2.025918,0,156,60,-0.1545,-1.4410
2253,2.026818,0,156,60,-0.1545,-1.4410
2254,2.027718,0,156,59,-0.1664,-1.6812
2255,2.028618,0,156,59,-0.1664,-1.4410
2256,2.029518,0,156,59,-0.1664,-1.4410
2257,2.030418,0,156,59,-0.1664,-1.4410
2258,2.031318,0,156,59,-0.1664,-1.4410
2259,2.032218,0,156,59,-0.1664,-1.4410
2260,2.033118,0,156,59,-0.1664,-1.4410
2261,2.034018,0,156,59,-0.1664,-1.4410
2262,2.034918,0,156,58,-0.1783,-1.6812
2263,2.035818,0,156,58,-0.1783,-1.6812
2264,2.036718,0,156,58,-0.1783,-1.4410
2265,2.037618,0,156,58,-0.1783,-1.4410
2266,2.038518,0,156,58,-0.1783,-1.4410
2267,2.039418,0,156,58,-0.1783,-1.4410
2268,2.040318,0,156,58,-0.1783,-1.4410
2269,2.041218,0,156,58,-0.1783,-1.4410
2270,2.042118,0,156,58,-0.1783,-1.4410
2271,2.043018,0,156,57,-0.1902,-1.4410
2272,2.043918,0,156,57,-0.1902,-1.4410
2273,2.044818,0,157,57,-0.1902,-1.4410
2274,2.045718,0,157,57,-0.1902,-1.4410
2275,2.046618,0,157,57,-0.1902,-1.4410
2276,2.047518,0,157,57,-0.1902,-1.4410
2277,2.048418,0,157,57,-0.1902,-1.4410
2278,2.049318,0,157,57,-0.1902,-1.4410
2279,2.050218,0,157,56,-0.2021,-1.6812
2280,2.051118,0,157,56,-0.2021,-1.6812
2281,2.052018,0,157,56,-0.2021,-1.4410
2282,2.052918,0,157,56,-0.2021,-1.4410
2283,2.053818,0,157,56,-0.2021,-1.4410
2284,2.054718,0,157,56,-0.2021,-1.4410
2285,2.055618,0,157,56,-0.2021,-1.4410
2286,2.056518,0,157,55,-0.2140,-1.6812
2287,2.057418,0,157,55,-0.2140,-1.6812
2288,2.058318,0,157,55,-0.2140,-1.6812
2289,2.059218,0,157,55,-0.2140,-1.6812
2290,2.060118,0,160,55,-0.2140,-1.6812
2291,2.061018,0,160,55,-0.2140,-1.6812
2292,2.061918,0,160,55,-0.2140,-1.4410
2293,2.062819,0,160,55,-0.2140,-1.4410
2294,2.063719,0,160,54,-0.2259,-1.6812
2295,2.064619,0,160,54,-0.2259,-1.6812
2296,2.065519,0,160,54,-0.2259,-1.6812
2297,2.066419,0,160,54,-0.2259,-1.6812
2298,2.067319,0,160,54,-0.2259,-1.6812
2299,2.068219,0,160,54,-0.2259,-1.6812
2300,2.069119,0,160,54,-0.2259,-1.6812
2301,2.070019,0,160,54,-0.2259,-1.4410
2302,2.070919,0,160,54,-0.2259,-1.4410
2303,2.071819,0,160,54,-0.2259,-1.4410
2304,2.072719,0,160,54,-0.2259,-1.4410
2305,2.073619,0,160,53,-0.2378,-1.6812
2306,2.074519,0,160,53,-0.2378,-1.6812
2307,2.075419,0,160,53,-0.2378,-1.6812
2308,2.076319,0,160,53,-0.2378,-1.6812
2309,2.077219,0,160,53,-0.2378,-1.4410
2310,2.078119,0,160,53,-0.2378,-1.4410
2311,2.079019,0,160,53,-0.2378,-1.4410
2312,2.079919,0,160,53,-0.2378,-1.4410
2313,2.080819,0,160,53,-0.2378,-1.4410
2314,2.081719,0,160,53,-0.2378,-1.4410
2315,2.082619,0,160,53,-0.2378,-1.4410
2316,2.083519,0,160,53,-0.2378,-1.4410
2317,2.084419,0,160,52,-0.2497,-1.4410
2318,2.085319,0,160,52,-0.2497,-1.4410
2319,2.086219,0,160,52,-0.2497,-1.4410
2320,2.087119,0,160,52,-0.2497,-1.4410
2321,2.088019,0,160,52,-0.2497,-1.4410
2322,2.088919,0,160,52,-0.2497,-1.4410
2323,2.089819,0,160,52,-0.2497,-1.4410
2324,2.090719,0,160,52,-0.2497,-1.4410
2325,2.091619,0,160,52,-0.2497,-1.4410
2326,2.092519,0,160,52,-0.2497,-1.2008
2327,2.093419,0,160,52,-0.2497,-1.2008
2328,2.094319,0,160,52,-0.2497,-1.2008
2329,2.095219,0,160,52,-0.2497,-1.2008
2330,2.096119,0,160,52,-0.2497,-1.2008
2331,2.097019,0,160,51,-0.2615,-1.4410
2332,2.097919,0,160,51,-0.2615,-1.4410
2333,2.098819,0,160,51,-0.2615,-1.4410
2334,2.099719,0,160,51,-0.2615,-1.2008
2335,2.100619,0,160,51,-0.2615,-1.2008
2336,2.101519,0,160,51,-0.2615,-1.2008
2337,2.102419,0,160,51,-0.2615,-1.2008
2338,2.103319,0,160,51,-0.2615,-1.2008
2339,2.104219,0,160,51,-0.2615,-1.2008
2340,2.105119,0,160,51,-0.2615,-1.2008
2341,2.106019,0,160,51,-0.2615,-0.9607
2342,2.106919,0,160,51,-0.2615,-0.9607
2343,2.107819,0,161,51,-0.2615,-0.9607
2344,2.108719,0,161,51,-0.2615,-0.9607
2345,2.109619,0,161,51,-0.2615,-0.9607
2346,2.110519,0,161,51,-0.2615,-0.9607
2347,2.111419,0,161,51,-0.2615,-0.9607
2348,2.112319,0,161,51,-0.2615,-0.9607
2349,2.113219,0,161,51,-0.2615,-0.7205
2350,2.114119,0,161,51,-0.2615,-0.7205
2351,2.115019,0,161,51,-0.2615,-0.7205
2352,2.115919,0,161,51,-0.2615,-0.7205
2353,2.116819,0,161,51,-0.2615,-0.7205
2354,2.117719,0,161,51,-0.2615,-0.7205
2355,2.118619,0,161,51,-0.2615,-0.7205
2356,2.119519,0,161,51,-0.2615,-0.7205
2357,2.120419,0,161,51,-0.2615,-0.7205
2358,2.121319,0,161,51,-0.2615,-0.7205
2359,2.122219,0,161,50,-0.2734,-0.9607
2360,2.123119,0,161,50,-0.2734,-0.7205
2361,2.124019,0,164,50,-0.2734,-0.7205
2362,2.124919,0,164,50,-0.2734,-0.7205
2363,2.125819,0,164,50,-0.2734,-0.7205
2364,2.126719,0,164,50,-0.2734,-0.7205
2365,2.127619,0,164,50,-0.2734,-0.7205
2366,2.128519,0,164,50,-0.2734,-0.7205
2367,2.129419,0,164,50,-0.2734,-0.7205
2368,2.130319,0,164,50,-0.2734,-0.7205
2369,2.131219,0,164,50,-0.2734,-0.7205
2370,2.132119,0,164,50,-0.2734,-0.7205
2371,2.133019,0,164,50,-0.2734,-0.7205
2372,2.133919,0,164,50,-0.2734,-0.4803
2373,2.134819,0,164,50,-0.2734,-0.4803
2374,2.135719,0,164,50,-0.2734,-0.4803
2375,2.136619,0,164,50,-0.2734,-0.4803
2376,2.137519,0,164,50,-0.2734,-0.4803
2377,2.138419,0,164,50,-0.2734,-0.4803
2378,2.139319,0,164,50,-0.2734,-0.4803
2379,2.140219,0,164,50,-0.2734,-0.4803
2380,2.141119,0,164,50,-0.2734,-0.4803
2381,2.142020,0,164,50,-0.2734,-0.4803
2382,2.142920,0,164,50,-0.2734,-0.4803
2383,2.143820,0,164,50,-0.2734,-0.4803
2384,2.144720,0,164,50,-0.2734,-0.4803
2385,2.145620,0,164,50,-0.2734,-0.4803
2386,2.146520,0,164,50,-0.2734,-0.2402
2387,2.147420,0,164,50,-0.2734,-0.2402
2388,2.148320,0,164,50,-0.2734,-0.2402
2389,2.149220,0,164,50,-0.2734,-0.2402
2390,2.150120,0,164,50,-0.2734,-0.2402
2391,2.151020,0,164,50,-0.2734,-0.2402
2392,2.151920,0,164,50,-0.2734,-0.2402
2393,2.152820,0,164,50,-0.2734,-0.2402
2394,2.153720,0,164,50,-0.2734,-0.2402
2395,2.154620,0,164,50,-0.2734,-0.2402
2396,2.155520,0,164,50,-0.2734,-0.2402
2397,2.156420,0,164,50,-0.2734,-0.2402
2398,2.157320,0,164,50,-0.2734,-0.2402
2399,2.158220,0,164,50,-0.2734,-0.2402
2400,2.159120,0,164,50,-0.2734,-0.2402
2401,2.160020,0,164,50,-0.2734,-0.2402
2402,2.160920,0,164,50,-0.2734,-0.2402
2403,2.161820,0,164,50,-0.2734,-0.2402
2404,2.162720,0,164,50,-0.2734,-0.2402
2405,2.163620,0,164,50,-0.2734,-0.2402
2406,2.164520,0,164,50,-0.2734,-0.2402
2407,2.165420,0,164,50,-0.2734,-0.2402
2408,2.166320,0,164,50,-0.2734,-0.2402
2409,2.167220,0,164,50,-0.2734,-0.2402
2410,2.168120,0,164,50,-0.2734,-0.2402
2411,2.169020,0,164,50,-0.2734,-0.2402
2412,2.169920,0,164,50,-0.2734,-0.2402
2413,2.170820,0,164,50,-0.2734,-0.2402
2414,2.171720,0,164,50,-0.2734,0.0000
2415,2.172620,0,164,50,-0.2734,0.0000
2416,2.173520,0,164,50,-0.2734,0.0000
2417,2.174420,0,164,50,-0.2734,0.0000
2418,2.175320,0,164,50,-0.2734,0.0000
2419,2.176220,0,164,50,-0.2734,0.0000
2420,2.177120,0,164,50,-0.2734,0.0000
2421,2.178020,0,164,50,-0.2734,0.0000
2422,2.178920,0,164,50,-0.2734,0.0000
2423,2.179820,0,164,50,-0.2734,0.0000
2424,2.180720,0,164,50,-0.2734,0.0000
2425,2.181620,0,164,50,-0.2734,0.0000
2426,2.182520,0,164,50,-0.2734,0.0000
2427,2.183420,0,164,50,-0.2734,0.0000
2428,2.184320,0,164,50,-0.2734,0.0000
2429,2.185220,0,164,50,-0.2734,0.0000
2430,2.186120,0,167,50,-0.2734,0.0000
2431,2.187020,0,167,50,-0.2734,0.0000
2432,2.187920,0,167,50,-0.2734,0.0000
2433,2.188820,0,167,50,-0.2734,0.0000
2434,2.189720,0,167,50,-0.2734,0.0000
2435,2.190620,0,167,50,-0.2734,0.0000
2436,2.191520,0,167,50,-0.2734,0.0000
2437,2.192420,0,167,50,-0.2734,0.0000
2438,2.193320,0,167,50,-0.2734,0.0000
2439,2.194220,0,167,50,-0.2734,0.0000
2440,2.195120,0,167,50,-0.2734,0.0000
2441,2.196020,0,167,50,-0.2734,0.0000
2442,2.196920,0,167,50,-0.2734,0.0000
2443,2.197820,0,167,50,-0.2734,0.0000
2444,2.198720,0,167,50,-0.2734,0.0000
2445,2.199620,0,167,50,-0.2734,0.0000
2446,2.200520,0,167,50,-0.2734,0.0000
2447,2.201420,0,167,50,-0.2734,0.0000
2448,2.202320,0,167,50,-0.2734,0.0000
2449,2.203220,0,167,50,-0.2734,0.0000
2450,2.204120,0,167,50,-0.2734,0.0000
2451,2.205020,0,167,50,-0.2734,0.0000
2452,2.205920,0,167,50,-0.2734,0.0000
2453,2.206820,0,167,50,-0.2734,0.0000
2454,2.207720,0,167,50,-0.2734,0.0000
2455,2.208620,0,167,50,-0.2734,0.0000
2456,2.209520,0,167,50,-0.2734,0.0000
2457,2.210420,0,167,50,-0.2734,0.0000
2458,2.211320,0,167,50,-0.2734,0.0000
2459,2.212220,0,167,50,-0.2734,0.0000
2460,2.213120,0,167,50,-0.2734,0.0000
2461,2.214020,0,167,50,-0.2734,0.0000
2462,2.214920,0,167,50,-0.2734,0.0000
2463,2.215820,0,167,50,-0.2734,0.0000
2464,2.216720,0,167,50,-0.2734,0.0000
2465,2.217620,0,167,50,-0.2734,0.0000
2466,2.218520,0,167,50,-0.2734,0.0000
2467,2.219421,0,167,50,-0.2734,0.0000
2468,2.220321,0,167,50,-0.2734,0.0000
2469,2.221221,0,167,50,-0.2734,0.0000
2470,2.222121,0,167,50,-0.2734,0.0000
2471,2.223021,0,167,50,-0.2734,0.0000
2472,2.223921,0,167,50,-0.2734,0.0000
2473,2.224821,0,167,50,-0.2734,0.0000
2474,2.225721,0,167,50,-0.2734,0.0000
2475,2.226621,0,167,50,-0.2734,0.0000
2476,2.227521,0,167,50,-0.2734,0.0000
2477,2.228421,0,167,50,-0.2734,0.0000
2478,2.229321,0,167,50,-0.2734,0.0000
2479,2.230221,0,167,50,-0.2734,0.0000
2480,2.231121,0,167,50,-0.2734,0.0000
2481,2.232021,0,167,50,-0.2734,0.0000
2482,2.232921,0,167,50,-0.2734,0.0000
2483,2.233821,0,167,50,-0.2734,0.0000
2484,2.234721,0,168,50,-0.2734,0.0000
2485,2.235620,0,168,50,-0.2734,0.0000
2486,2.236520,0,168,50,-0.2734,0.0000
2487,2.237420,0,168,50,-0.2734,0.0000
2488,2.238321,0,168,50,-0.2734,0.0000
2489,2.239221,0,168,50,-0.2734,0.0000
2490,2.240121,0,168,50,-0.2734,0.0000
2491,2.241020,0,168,50,-0.2734,0.0000
2492,2.241920,0,168,50,-0.2734,0.0000
2493,2.242820,0,168,50,-0.2734,0.0000
2494,2.243720,0,168,50,-0.2734,0.0000
2495,2.244620,0,168,50,-0.2734,0.0000
2496,2.245520,0,168,50,-0.2734,0.0000
2497,2.246420,0,168,50,-0.2734,0.0000
2498,2.247320,0,168,50,-0.2734,0.0000
2499,2.248220,0,171,50,-0.2734,0.0000
2500,2.249120,0,171,50,-0.2734,0.0000
2501,2.250020,0,171,50,-0.2734,0.0000
2502,2.250920,0,171,50,-0.2734,0.0000
2503,2.251820,0,171,50,-0.2734,0.0000
2504,2.252720,0,171,50,-0.2734,0.0000
2505,2.253620,0,171,50,-0.2734,0.0000
2506,2.254520,0,171,50,-0.2734,0.0000
2507,2.255420,0,171,50,-0.2734,0.0000
2508,2.256320,0,171,50,-0.2734,0.0000
2509,2.257220,0,171,50,-0.2734,0.0000
2510,2.258120,0,171,50,-0.2734,0.0000
2511,2.259020,0,171,50,-0.2734,0.0000
2512,2.259920,0,171,50,-0.2734,0.0000
2513,2.260820,0,171,50,-0.2734,0.0000
2514,2.261720,0,171,50,-0.2734,0.0000
2515,2.262620,0,171,50,-0.2734,0.0000
2516,2.263520,0,171,50,-0.2734,0.0000
2517,2.264420,0,171,50,-0.2734,0.0000
2518,2.265320,0,171,50,-0.2734,0.0000
2519,2.266220,0,171,50,-0.2734,0.0000
2520,2.267120,0,171,50,-0.2734,0.0000
2521,2.268020,0,171,50,-0.2734,0.0000
2522,2.268920,0,171,50,-0.2734,0.0000
2523,2.269820,0,171,50,-0.2734,0.0000
2524,2.270720,0,171,50,-0.2734,0.0000
2525,2.271620,0,171,50,-0.2734,0.0000
2526,2.272520,0,171,50,-0.2734,0.0000
2527,2.273420,0,171,50,-0.2734,0.0000
2528,2.274320,0,171,50,-0.2734,0.0000
2529,2.275220,0,171,50,-0.2734,0.0000
2530,2.276120,0,171,50,-0.2734,0.0000
2531,2.277020,0,171,50,-0.2734,0.0000
2532,2.277920,0,171,50,-0.2734,0.0000
2533,2.278820,0,171,50,-0.2734,0.0000
2534,2.279720,0,171,50,-0.2734,0.0000
2535,2.280620,0,171,50,-0.2734,0.0000
2536,2.281520,0,171,50,-0.2734,0.0000
2537,2.282420,0,171,50,-0.2734,0.0000
2538,2.283320,0,171,50,-0.2734,0.0000
2539,2.284220,0,171,50,-0.2734,0.0000
2540,2.285120,0,171,50,-0.2734,0.0000
2541,2.286020,0,171,50,-0.2734,0.0000
2542,2.286920,0,171,50,-0.2734,0.0000
2543,2.287820,0,171,50,-0.2734,0.0000
2544,2.288720,0,171,50,-0.2734,0.0000
2545,2.289620,0,171,50,-0.2734,0.0000
2546,2.290520,0,171,50,-0.2734,0.0000
2547,2.291420,0,171,50,-0.2734,0.0000
2548,2.292320,0,171,50,-0.2734,0.0000
2549,2.293220,0,171,51,-0.2615,0.2402
2550,2.294120,0,171,51,-0.2615,0.2402
2551,2.295020,0,172,51,-0.2615,0.2402
2552,2.295920,0,172,51,-0.2615,0.2402
2553,2.296820,0,172,51,-0.2615,0.2402
2554,2.297721,0,172,51,-0.2615,0.2402
2555,2.298621,0,172,51,-0.2615,0.2402
2556,2.299521,0,172,51,-0.2615,0.2402
2557,2.300421,0,172,51,-0.2615,0.2402
2558,2.301321,0,172,51,-0.2615,0.2402
2559,2.302221,0,172,51,-0.2615,0.2402
2560,2.303121,0,172,51,-0.2615,0.2402
2561,2.304021,0,172,51,-0.2615,0.2402
2562,2.304921,0,172,51,-0.2615,0.2402
2563,2.305821,0,172,51,-0.2615,0.2402
2564,2.306721,0,172,51,-0.2615,0.2402
2565,2.307621,1,172,51,-0.2615,0.2402
2566,2.308521,1,172,51,-0.2615,0.2402
2567,2.309421,1,172,51,-0.2615,0.2402
2568,2.310321,0,172,51,-0.2615,0.2402
2569,2.311221,0,175,51,-0.2615,0.2402
2570,2.312121,0,175,51,-0.2615,0.2402
2571,2.313021,0,175,51,-0.2615,0.2402
2572,2.313921,0,175,51,-0.2615,0.2402
2573,2.314821,0,175,51,-0.2615,0.2402
2574,2.315721,0,175,51,-0.2615,0.2402
2575,2.316621,0,175,51,-0.2615,0.2402
2576,2.317521,0,175,51,-0.2615,0.2402
2577,2.318421,0,175,51,-0.2615,0.2402
2578,2.319321,0,175,51,-0.2615,0.2402
2579,2.320221,0,175,51,-0.2615,0.2402
2580,2.321121,0,175,51,-0.2615,0.2402
2581,2.322021,0,175,51,-0.2615,0.2402
2582,2.322921,0,175,51,-0.2615,0.2402
2583,2.323821,0,175,51,-0.2615,0.2402
2584,2.324721,0,175,52,-0.2497,0.4803
2585,2.325621,0,175,52,-0.2497,0.4803
2586,2.326521,0,175,52,-0.2497,0.4803
2587,2.327421,0,175,52,-0.2497,0.4803
2588,2.328321,0,175,52,-0.2497,0.4803
2589,2.329221,0,175,52,-0.2497,0.4803
2590,2.330121,0,175,52,-0.2497,0.4803
2591,2.331021,0,175,52,-0.2497,0.4803
2592,2.331921,0,175,52,-0.2497,0.4803
2593,2.332821,0,175,52,-0.2497,0.4803
2594,2.333721,0,175,52,-0.2497,0.4803
2595,2.334621,0,175,52,-0.2497,0.4803
2596,2.335521,0,175,52,-0.2497,0.4803
2597,2.336421,0,175,52,-0.2497,0.4803
2598,2.337321,0,175,52,-0.2497,0.4803
2599,2.338221,0,175,52,-0.2497,0.4803
2600,2.339121,0,175,52,-0.2497,0.4803
2601,2.340021,0,175,52,-0.2497,0.4803
2602,2.340921,0,175,52,-0.2497,0.4803
2603,2.341821,0,175,52,-0.2497,0.4803
2604,2.342721,0,175,52,-0.2497,0.2402
2605,2.343621,0,175,52,-0.2497,0.2402
2606,2.344521,0,175,52,-0.2497,0.2402
2607,2.345421,0,175,52,-0.2497,0.2402
2608,2.346321,0,175,52,-0.2497,0.2402
2609,2.347221,0,175,52,-0.2497,0.2402
2610,2.348121,0,175,52,-0.2497,0.2402
2611,2.349021,0,175,52,-0.2497,0.2402
2612,2.349921,0,175,52,-0.2497,0.2402
2613,2.350821,0,175,52,-0.2497,0.2402
2614,2.351721,0,175,52,-0.2497,0.2402
2615,2.352621,0,175,52,-0.2497,0.2402
2616,2.353521,0,175,52,-0.2497,0.2402
2617,2.354421,0,175,52,-0.2497,0.2402
2618,2.355321,0,175,52,-0.2497,0.2402
2619,2.356221,0,175,53,-0.2378,0.4803
2620,2.357121,0,176,53,-0.2378,0.4803
2621,2.358021,0,176,53,-0.2378,0.4803
2622,2.358921,0,176,53,-0.2378,0.4803
2623,2.359821,0,176,53,-0.2378,0.4803
2624,2.360721,0,176,53,-0.2378,0.4803
2625,2.361621,0,176,53,-0.2378,0.4803
2626,2.362521,0,176,53,-0.2378,0.4803
2627,2.363421,0,176,53,-0.2378,0.4803
2628,2.364321,0,176,53,-0.2378,0.4803
2629,2.365221,0,176,53,-0.2378,0.4803
2630,2.366121,0,176,53,-0.2378,0.4803
2631,2.367021,0,176,53,-0.2378,0.4803
2632,2.367921,0,176,53,-0.2378,0.4803
2633,2.368821,0,176,53,-0.2378,0.4803
2634,2.369721,0,176,53,-0.2378,0.4803
2635,2.370621,0,176,53,-0.2378,0.4803
2636,2.371521,0,176,53,-0.2378,0.4803
2637,2.372421,0,178,53,-0.2378,0.4803
2638,2.373321,0,178,53,-0.2378,0.4803
2639,2.374221,0,178,53,-0.2378,0.2402
2640,2.375122,0,178,53,-0.2378,0.2402
2641,2.376022,0,178,53,-0.2378,0.2402
2642,2.376922,0,178,53,-0.2378,0.2402
2643,2.377822,0,178,53,-0.2378,0.2402
2644,2.378722,0,178,53,-0.2378,0.2402
2645,2.379622,0,178,53,-0.2378,0.2402
2646,2.380522,0,178,53,-0.2378,0.2402
2647,2.381422,0,178,53,-0.2378,0.2402
2648,2.382322,0,178,53,-0.2378,0.2402
2649,2.383222,0,178,53,-0.2378,0.2402
2650,2.384122,0,178,53,-0.2378,0.2402
2651,2.385022,0,178,53,-0.2378,0.2402
2652,2.385922,0,178,53,-0.2378,0.2402
2653,2.386822,0,178,53,-0.2378,0.2402
2654,2.387722,0,178,53,-0.2378,0.2402
2655,2.388622,0,178,53,-0.2378,0.2402
2656,2.389522,0,178,53,-0.2378,0.2402
2657,2.390422,0,178,53,-0.2378,0.2402
2658,2.391322,0,178,53,-0.2378,0.2402
2659,2.392222,0,178,53,-0.2378,0.2402
2660,2.393122,0,178,53,-0.2378,0.2402
2661,2.394022,0,178,53,-0.2378,0.2402
2662,2.394922,0,178,53,-0.2378,0.2402
2663,2.395822,0,178,53,-0.2378,0.2402
2664,2.396722,0,178,53,-0.2378,0.2402
2665,2.397622,0,178,53,-0.2378,0.2402
2666,2.398522,0,178,53,-0.2378,0.2402
2667,2.399422,0,178,53,-0.2378,0.2402
2668,2.400322,0,178,53,-0.2378,0.2402
2669,2.401222,0,178,53,-0.2378,0.2402
2670,2.402122,0,178,53,-0.2378,0.2402
2671,2.403022,0,178,53,-0.2378,0.2402
2672,2.403922,0,178,53,-0.2378,0.2402
2673,2.404822,0,178,53,-0.2378,0.2402
2674,2.405722,0,178,53,-0.2378,0.0000
2675,2.406622,0,178,53,-0.2378,0.0000
2676,2.407522,0,178,53,-0.2378,0.0000
2677,2.408422,0,178,53,-0.2378,0.0000
2678,2.409322,0,178,53,-0.2378,0.0000
2679,2.410222,0,178,53,-0.2378,0.0000
2680,2.411122,0,178,53,-0.2378,0.0000
2681,2.412022,0,178,53,-0.2378,0.0000
2682,2.412922,0,178,53,-0.2378,0.0000
2683,2.413822,0,178,53,-0.2378,0.0000
2684,2.414722,0,178,53,-0.2378,0.0000
2685,2.415622,0,178,52,-0.2497,-0.2402
2686,2.416522,0,178,52,-0.2497,-0.2402
2687,2.417422,0,178,52,-0.2497,-0.2402
2688,2.418322,0,178,52,-0.2497,-0.2402
2689,2.419222,0,179,52,-0.2497,-0.2402
2690,2.420122,0,179,52,-0.2497,-0.2402
2691,2.421022,0,179,52,-0.2497,-0.2402
2692,2.421922,0,179,52,-0.2497,-0.2402
2693,2.422822,0,179,52,-0.2497,-0.2402
2694,2.423722,0,179,52,-0.2497,-0.2402
2695,2.424622,0,179,52,-0.2497,-0.2402
2696,2.425522,0,179,52,-0.2497,-0.2402
2697,2.426422,0,179,52,-0.2497,-0.2402
2698,2.427322,0,179,52,-0.2497,-0.2402
2699,2.428222,0,179,52,-0.2497,-0.2402
2700,2.429122,0,179,52,-0.2497,-0.2402
2701,2.430022,0,179,52,-0.2497,-0.2402
2702,2.430922,0,179,52,-0.2497,-0.2402
2703,2.431822,0,179,52,-0.2497,-0.2402
2704,2.432722,0,179,52,-0.2497,-0.2402
2705,2.433622,0,179,52,-0.2497,-0.2402
2706,2.434522,0,179,52,-0.2497,-0.2402
2707,2.435422,0,179,52,-0.2497,-0.2402
2708,2.436322,0,182,52,-0.2497,-0.2402
2709,2.437222,0,182,52,-0.2497,-0.2402
2710,2.438122,0,182,52,-0.2497,-0.2402
2711,2.439022,0,182,52,-0.2497,-0.2402
2712,2.439922,0,182,52,-0.2497,-0.2402
2713,2.440822,0,182,52,-0.2497,-0.2402
2714,2.441722,0,182,52,-0.2497,-0.2402
2715,2.442622,0,182,51,-0.2615,-0.4803
2716,2.443522,0,182,51,-0.2615,-0.4803
2717,2.444422,0,182,51,-0.2615,-0.4803
2718,2.445322,0,182,51,-0.2615,-0.4803
2719,2.446222,0,182,51,-0.2615,-0.4803
2720,2.447122,0,182,51,-0.2615,-0.4803
2721,2.448022,0,182,51,-0.2615,-0.4803
2722,2.448922,0,182,51,-0.2615,-0.4803
2723,2.449822,0,182,51,-0.2615,-0.4803
2724,2.450722,0,182,51,-0.2615,-0.4803
2725,2.451622,0,182,51,-0.2615,-0.4803
2726,2.452523,0,182,51,-0.2615,-0.4803
2727,2.453423,0,182,51,-0.2615,-0.4803
2728,2.454323,0,182,51,-0.2615,-0.4803
2729,2.455223,0,182,51,-0.2615,-0.4803
2730,2.456123,0,182,51,-0.2615,-0.4803
2731,2.457023,0,182,51,-0.2615,-0.4803
2732,2.457923,0,182,51,-0.2615,-0.4803
2733,2.458823,0,182,51,-0.2615,-0.4803
2734,2.459723,0,182,51,-0.2615,-0.4803
2735,2.460623,0,182,51,-0.2615,-0.4803
2736,2.461523,0,182,51,-0.2615,-0.4803
2737,2.462423,0,182,51,-0.2615,-0.4803
2738,2.463323,0,182,51,-0.2615,-0.4803
2739,2.464223,0,182,51,-0.2615,-0.4803
2740,2.465123,0,182,51,-0.2615,-0.2402
2741,2.466023,0,182,51,-0.2615,-0.2402
2742,2.466923,0,182,51,-0.2615,-0.2402
2743,2.467823,0,182,51,-0.2615,-0.2402
2744,2.468723,0,182,51,-0.2615,-0.2402
2745,2.469623,0,182,51,-0.2615,-0.2402
2746,2.470523,0,182,50,-0.2734,-0.4803
2747,2.471423,0,182,50,-0.2734,-0.4803
2748,2.472323,0,182,50,-0.2734,-0.4803
2749,2.473223,0,182,50,-0.2734,-0.4803
2750,2.474123,0,182,50,-0.2734,-0.4803
2751,2.475023,0,182,50,-0.2734,-0.4803
2752,2.475923,0,182,50,-0.2734,-0.4803
2753,2.476823,0,182,50,-0.2734,-0.4803
2754,2.477723,0,182,50,-0.2734,-0.4803
2755,2.478623,0,182,50,-0.2734,-0.4803
2756,2.479523,0,182,50,-0.2734,-0.4803
2757,2.480423,0,182,50,-0.2734,-0.4803
2758,2.481323,0,182,50,-0.2734,-0.4803
2759,2.482223,0,183,50,-0.2734,-0.4803
2760,2.483123,0,183,50,-0.2734,-0.4803
2761,2.484023,0,183,50,-0.2734,-0.4803
2762,2.484923,0,183,50,-0.2734,-0.4803
2763,2.485823,0,183,50,-0.2734,-0.4803
2764,2.486723,0,183,50,-0.2734,-0.4803
2765,2.487623,0,183,50,-0.2734,-0.4803
2766,2.488523,0,183,50,-0.2734,-0.4803
2767,2.489423,0,183,50,-0.2734,-0.4803
2768,2.490323,0,183,50,-0.2734,-0.4803
2769,2.491223,0,183,50,-0.2734,-0.4803
2770,2.492123,0,183,50,-0.2734,-0.2402
2771,2.493023,0,183,50,-0.2734,-0.2402
2772,2.493923,0,183,50,-0.2734,-0.2402
2773,2.494823,0,183,50,-0.2734,-0.2402
2774,2.495723,0,183,50,-0.2734,-0.2402
2775,2.496623,0,183,50,-0.2734,-0.2402
2776,2.497523,0,183,50,-0.2734,-0.2402
2777,2.498423,0,186,50,-0.2734,-0.2402
2778,2.499323,0,186,50,-0.2734,-0.2402
2779,2.500223,0,186,50,-0.2734,-0.2402
2780,2.501123,0,186,50,-0.2734,-0.2402
2781,2.502023,0,186,50,-0.2734,-0.2402
2782,2.502923,0,186,49,-0.2853,-0.4803
2783,2.503823,0,186,49,-0.2853,-0.4803
2784,2.504723,0,186,49,-0.2853,-0.4803
2785,2.505623,0,186,49,-0.2853,-0.4803
2786,2.506523,0,186,49,-0.2853,-0.4803
2787,2.507423,0,186,49,-0.2853,-0.4803
2788,2.508323,1,186,49,-0.2853,-0.4803
2789,2.509223,1,186,49,-0.2853,-0.4803
2790,2.510123,0,186,49,-0.2853,-0.4803
2791,2.511023,0,186,49,-0.2853,-0.4803
2792,2.511923,0,186,49,-0.2853,-0.4803
2793,2.512823,0,186,49,-0.2853,-0.4803
2794,2.513723,0,186,49,-0.2853,-0.4803
2795,2.514623,0,186,49,-0.2853,-0.4803
2796,2.515523,0,186,49,-0.2853,-0.4803
2797,2.516423,0,186,49,-0.2853,-0.4803
2798,2.517323,0,186,49,-0.2853,-0.4803
2799,2.518223,0,186,49,-0.2853,-0.4803
2800,2.519123,0,186,49,-0.2853,-0.4803
2801,2.520023,0,186,49,-0.2853,-0.2402
2802,2.520923,0,186,49,-0.2853,-0.2402
2803,2.521823,0,186,49,-0.2853,-0.2402
2804,2.522722,0,186,49,-0.2853,-0.2402
2805,2.523622,0,186,49,-0.2853,-0.2402
2806,2.524522,0,186,49,-0.2853,-0.2402
2807,2.525422,0,186,49,-0.2853,-0.2402
2808,2.526322,0,186,49,-0.2853,-0.2402
2809,2.527223,0,186,49,-0.2853,-0.2402
2810,2.528123,0,186,49,-0.2853,-0.2402
2811,2.529023,0,186,49,-0.2853,-0.2402
2812,2.529923,0,186,49,-0.2853,-0.2402
2813,2.530823,0,186,49,-0.2853,-0.2402
2814,2.531723,0,186,49,-0.2853,-0.2402
2815,2.532624,0,186,49,-0.2853,-0.2402
2816,2.533524,0,186,49,-0.2853,-0.2402
2817,2.534423,0,186,49,-0.2853,-0.2402
2818,2.535323,0,186,49,-0.2853,-0.2402
2819,2.536223,0,186,49,-0.2853,-0.2402
2820,2.537123,0,186,49,-0.2853,-0.2402
2821,2.538023,0,186,49,-0.2853,-0.2402
2822,2.538923,0,186,49,-0.2853,-0.2402
2823,2.539823,0,186,49,-0.2853,-0.2402
2824,2.540723,0,186,49,-0.2853,-0.2402
2825,2.541623,0,186,49,-0.2853,-0.2402
2826,2.542523,0,186,49,-0.2853,-0.2402
2827,2.543423,0,186,49,-0.2853,-0.2402
2828,2.544323,0,186,49,-0.2853,-0.2402
2829,2.545223,0,187,49,-0.2853,-0.2402
2830,2.546123,0,187,49,-0.2853,-0.2402
2831,2.547023,0,187,49,-0.2853,-0.2402
2832,2.547923,0,187,49,-0.2853,-0.2402
2833,2.548823,0,187,49,-0.2853,-0.2402
2834,2.549723,0,187,49,-0.2853,-0.2402
2835,2.550623,0,187,49,-0.2853,-0.2402
2836,2.551523,0,187,49,-0.2853,-0.2402
2837,2.552423,0,187,49,-0.2853,0.0000
2838,2.553323,0,187,49,-0.2853,0.0000
2839,2.554223,0,187,49,-0.2853,0.0000
2840,2.555123,0,187,49,-0.2853,0.0000
2841,2.556023,0,187,49,-0.2853,0.0000
2842,2.556923,0,187,49,-0.2853,0.0000
2843,2.557823,0,187,49,-0.2853,0.0000
2844,2.558723,0,187,49,-0.2853,0.0000
2845,2.559623,0,187,49,-0.2853,0.0000
2846,2.560523,0,190,49,-0.2853,0.0000
2847,2.561423,0,190,49,-0.2853,0.0000
2848,2.562323,0,190,49,-0.2853,0.0000
2849,2.563223,0,190,49,-0.2853,0.0000
2850,2.564123,0,190,49,-0.2853,0.0000
2851,2.565023,0,190,49,-0.2853,0.0000
2852,2.565923,0,190,49,-0.2853,0.0000
2853,2.566823,0,190,49,-0.2853,0.0000
2854,2.567723,0,190,49,-0.2853,0.0000
2855,2.568623,0,190,49,-0.2853,0.0000
2856,2.569523,0,190,49,-0.2853,0.0000
2857,2.570423,0,190,49,-0.2853,0.0000
2858,2.571323,0,190,49,-0.2853,0.0000
2859,2.572223,0,190,49,-0.2853,0.0000
2860,2.573123,0,190,49,-0.2853,0.0000
2861,2.574023,0,190,49,-0.2853,0.0000
2862,2.574923,0,190,49,-0.2853,0.0000
2863,2.575823,0,190,49,-0.2853,0.0000
2864,2.576723,0,190,49,-0.2853,0.0000
2865,2.577623,0,190,49,-0.2853,0.0000
2866,2.578523,0,190,49,-0.2853,0.0000
2867,2.579423,0,190,49,-0.2853,0.0000
2868,2.580323,0,190,49,-0.2853,0.0000
2869,2.581223,0,190,49,-0.2853,0.0000
2870,2.582123,0,190,49,-0.2853,0.0000
2871,2.583023,0,190,49,-0.2853,0.0000
2872,2.583923,0,190,49,-0.2853,0.0000
2873,2.584823,0,190,49,-0.2853,0.0000
2874,2.585723,0,190,49,-0.2853,0.0000
2875,2.586623,0,190,49,-0.2853,0.0000
2876,2.587523,0,190,49,-0.2853,0.0000
2877,2.588423,0,190,49,-0.2853,0.0000
2878,2.589323,0,190,49,-0.2853,0.0000
2879,2.590223,0,190,49,-0.2853,0.0000
2880,2.591123,0,190,49,-0.2853,0.0000
2881,2.592023,0,190,49,-0.2853,0.0000
2882,2.592923,0,190,49,-0.2853,0.0000
2883,2.593823,0,190,49,-0.2853,0.0000
2884,2.594723,0,190,49,-0.2853,0.0000
2885,2.595623,0,190,49,-0.2853,0.0000
2886,2.596523,0,190,49,-0.2853,0.0000
2887,2.597423,0,190,50,-0.2734,0.2402
2888,2.598323,0,190,50,-0.2734,0.2402
2889,2.599223,0,190,50,-0.2734,0.2402
2890,2.600123,0,190,50,-0.2734,0.2402
2891,2.601023,0,190,50,-0.2734,0.2402
2892,2.601923,0,190,50,-0.2734,0.2402
2893,2.602823,0,190,50,-0.2734,0.2402
2894,2.603723,0,190,50,-0.2734,0.2402
2895,2.604623,0,190,50,-0.2734,0.2402
2896,2.605523,0,190,50,-0.2734,0.2402
2897,2.606423,0,191,50,-0.2734,0.2402
2898,2.607323,0,191,50,-0.2734,0.2402
2899,2.608223,0,191,50,-0.2734,0.2402
2900,2.609124,0,191,50,-0.2734,0.2402
2901,2.610024,0,191,50,-0.2734,0.2402
2902,2.610924,0,191,50,-0.2734,0.2402
2903,2.611824,0,191,50,-0.2734,0.2402
2904,2.612724,0,191,50,-0.2734,0.2402
2905,2.613624,0,191,50,-0.2734,0.2402
2906,2.614524,0,191,50,-0.2734,0.2402
2907,2.615424,0,191,50,-0.2734,0.2402
2908,2.616324,0,191,50,-0.2734,0.2402
2909,2.617224,0,191,50,-0.2734,0.2402
2910,2.618124,0,191,50,-0.2734,0.2402
2911,2.619024,0,191,50,-0.2734,0.2402
2912,2.619924,0,191,51,-0.2615,0.4803
2913,2.620824,0,191,51,-0.2615,0.4803
2914,2.621724,0,193,51,-0.2615,0.4803
2915,2.622624,0,193,51,-0.2615,0.4803
2916,2.623524,0,193,51,-0.2615,0.4803
2917,2.624424,0,193,51,-0.2615,0.4803
2918,2.625324,0,193,51,-0.2615,0.4803
2919,2.626224,0,193,51,-0.2615,0.4803
2920,2.627124,0,193,51,-0.2615,0.4803
2921,2.628024,0,193,51,-0.2615,0.4803
2922,2.628924,0,193,51,-0.2615,0.4803
2923,2.629824,0,193,51,-0.2615,0.4803
2924,2.630724,0,193,51,-0.2615,0.4803
2925,2.631624,0,193,51,-0.2615,0.4803
2926,2.632524,0,193,51,-0.2615,0.4803
2927,2.633424,0,193,51,-0.2615,0.4803
2928,2.634324,0,193,52,-0.2497,0.7205
2929,2.635224,0,193,52,-0.2497,0.7205
2930,2.636124,0,193,52,-0.2497,0.7205
2931,2.637024,0,193,52,-0.2497,0.7205
2932,2.637924,0,193,52,-0.2497,0.7205
2933,2.638824,0,193,52,-0.2497,0.7205
2934,2.639724,0,193,52,-0.2497,0.7205
2935,2.640624,0,193,52,-0.2497,0.7205
2936,2.641524,0,193,52,-0.2497,0.7205
2937,2.642424,0,193,52,-0.2497,0.7205
2938,2.643324,0,193,52,-0.2497,0.7205
2939,2.644224,0,193,52,-0.2497,0.7205
2940,2.645124,0,193,52,-0.2497,0.7205
2941,2.646024,0,193,52,-0.2497,0.7205
2942,2.646924,0,193,52,-0.2497,0.4803
2943,2.647824,0,193,53,-0.2378,0.7205
2944,2.648724,0,193,53,-0.2378,0.7205
2945,2.649624,0,193,53,-0.2378,0.7205
2946,2.650524,0,193,53,-0.2378,0.7205
2947,2.651424,0,193,53,-0.2378,0.7205
2948,2.652324,0,193,53,-0.2378,0.7205
2949,2.653224,0,193,53,-0.2378,0.7205
2950,2.654124,0,193,53,-0.2378,0.7205
2951,2.655024,0,193,53,-0.2378,0.7205
2952,2.655924,0,193,53,-0.2378,0.7205
2953,2.656824,0,193,53,-0.2378,0.7205
2954,2.657724,0,193,53,-0.2378,0.7205
2955,2.658624,0,193,53,-0.2378,0.7205
2956,2.659524,0,193,53,-0.2378,0.7205
2957,2.660424,0,193,53,-0.2378,0.7205
2958,2.661324,0,193,53,-0.2378,0.7205
2959,2.662224,0,193,53,-0.2378,0.7205
2960,2.663124,0,193,54,-0.2259,0.9607
2961,2.664024,0,193,54,-0.2259,0.9607
2962,2.664924,0,193,54,-0.2259,0.9607
2963,2.665824,0,193,54,-0.2259,0.9607
2964,2.666724,0,193,54,-0.2259,0.9607
2965,2.667624,0,193,54,-0.2259,0.9607
2966,2.668524,0,194,54,-0.2259,0.9607
2967,2.669424,0,194,54,-0.2259,0.7205
2968,2.670324,0,194,54,-0.2259,0.7205
2969,2.671224,0,194,54,-0.2259,0.7205
2970,2.672124,0,194,54,-0.2259,0.7205
2971,2.673024,0,194,54,-0.2259,0.7205
2972,2.673924,0,194,54,-0.2259,0.7205
2973,2.674824,0,194,54,-0.2259,0.7205
2974,2.675724,0,194,54,-0.2259,0.7205
2975,2.676624,0,194,54,-0.2259,0.7205
2976,2.677524,0,194,54,-0.2259,0.7205
2977,2.678424,0,194,54,-0.2259,0.7205
2978,2.679324,0,194,54,-0.2259,0.7205
2979,2.680224,0,194,54,-0.2259,0.7205
2980,2.681124,0,194,54,-0.2259,0.7205
2981,2.682024,0,194,54,-0.2259,0.7205
2982,2.682924,0,197,54,-0.2259,0.7205
2983,2.683824,0,197,55,-0.2140,0.7205
2984,2.684724,0,197,55,-0.2140,0.7205
2985,2.685624,0,197,55,-0.2140,0.7205
2986,2.686525,0,197,55,-0.2140,0.7205
2987,2.687425,0,197,55,-0.2140,0.7205
2988,2.688325,0,197,55,-0.2140,0.7205
2989,2.689225,0,197,55,-0.2140,0.7205
2990,2.690125,0,197,55,-0.2140,0.7205
2991,2.691025,0,197,55,-0.2140,0.7205
2992,2.691925,0,197,55,-0.2140,0.7205
2993,2.692825,0,197,55,-0.2140,0.7205
2994,2.693725,0,197,55,-0.2140,0.7205
2995,2.694625,0,197,55,-0.2140,0.7205
2996,2.695525,0,197,55,-0.2140,0.7205
2997,2.696425,0,197,55,-0.2140,0.7205
2998,2.697325,0,197,55,-0.2140,0.4803
2999,2.698225,0,197,55,-0.2140,0.4803
3000,2.699125,0,197,55,-0.2140,0.4803
3001,2.700025,0,197,55,-0.2140,0.4803
3002,2.700925,0,197,55,-0.2140,0.4803
3003,2.701825,0,197,55,-0.2140,0.4803
3004,2.702725,0,197,55,-0.2140,0.4803
3005,2.703625,0,197,55,-0.2140,0.4803
3006,2.704525,0,197,55,-0.2140,0.4803
3007,2.705425,0,197,55,-0.2140,0.4803
3008,2.706325,0,197,55,-0.2140,0.4803
3009,2.707225,0,197,55,-0.2140,0.4803
3010,2.708125,0,197,55,-0.2140,0.4803
3011,2.709025,0,197,55,-0.2140,0.4803
3012,2.709925,0,197,55,-0.2140,0.4803
3013,2.710825,0,197,55,-0.2140,0.4803
3014,2.711725,0,197,55,-0.2140,0.4803
3015,2.712625,0,197,55,-0.2140,0.2402
3016,2.713525,0,197,55,-0.2140,0.2402
3017,2.714425,0,197,55,-0.2140,0.2402
3018,2.715325,0,197,55,-0.2140,0.2402
3019,2.716225,0,197,56,-0.2021,0.4803
3020,2.717125,0,197,56,-0.2021,0.4803
3021,2.718025,0,197,56,-0.2021,0.4803
3022,2.718925,0,197,56,-0.2021,0.4803
3023,2.719825,0,197,56,-0.2021,0.4803
3024,2.720725,0,197,56,-0.2021,0.4803
3025,2.721625,0,197,56,-0.2021,0.4803
3026,2.722525,0,197,56,-0.2021,0.4803
3027,2.723425,0,197,56,-0.2021,0.4803
3028,2.724325,0,197,56,-0.2021,0.4803
3029,2.725225,0,197,56,-0.2021,0.4803
3030,2.726125,0,197,56,-0.2021,0.4803
3031,2.727025,0,197,56,-0.2021,0.4803
3032,2.727925,0,197,56,-0.2021,0.4803
3033,2.728825,0,197,56,-0.2021,0.4803
3034,2.729725,0,198,56,-0.2021,0.4803
3035,2.730625,0,198,56,-0.2021,0.4803
3036,2.731525,0,198,56,-0.2021,0.4803
3037,2.732425,0,198,56,-0.2021,0.4803
3038,2.733325,0,198,56,-0.2021,0.2402
3039,2.734225,0,198,56,-0.2021,0.2402
3040,2.735125,0,198,56,-0.2021,0.2402
3041,2.736025,0,198,56,-0.2021,0.2402
3042,2.736925,0,198,56,-0.2021,0.2402
3043,2.737825,0,198,56,-0.2021,0.2402
3044,2.738725,0,198,56,-0.2021,0.2402
3045,2.739625,0,198,56,-0.2021,0.2402
3046,2.740525,0,198,56,-0.2021,0.2402
3047,2.741425,0,198,56,-0.2021,0.2402
3048,2.742325,0,198,56,-0.2021,0.2402
3049,2.743225,0,198,56,-0.2021,0.2402
3050,2.744125,0,198,56,-0.2021,0.2402
3051,2.745025,0,201,56,-0.2021,0.2402
3052,2.745925,0,201,55,-0.2140,0.0000
3053,2.746825,0,201,55,-0.2140,0.0000
3054,2.747725,0,201,55,-0.2140,0.0000
3055,2.748625,0,201,55,-0.2140,0.0000
3056,2.749525,0,201,55,-0.2140,0.0000
3057,2.750425,0,201,55,-0.2140,0.0000
3058,2.751325,0,201,55,-0.2140,0.0000
3059,2.752225,0,201,55,-0.2140,0.0000
3060,2.753125,0,201,55,-0.2140,0.0000
3061,2.754025,0,201,55,-0.2140,0.0000
3062,2.754925,0,201,55,-0.2140,0.0000
3063,2.755825,0,201,55,-0.2140,0.0000
3064,2.756725,0,201,55,-0.2140,0.0000
3065,2.757625,0,201,55,-0.2140,0.0000
3066,2.758525,0,201,55,-0.2140,0.0000
3067,2.759425,0,201,55,-0.2140,0.0000
3068,2.760325,0,201,55,-0.2140,0.0000
3069,2.761225,0,201,55,-0.2140,0.0000
3070,2.762125,0,201,55,-0.2140,0.0000
3071,2.763025,0,201,55,-0.2140,0.0000
3072,2.763926,0,201,55,-0.2140,0.0000
3073,2.764826,0,201,55,-0.2140,0.0000
3074,2.765726,0,201,55,-0.2140,-0.2402
3075,2.766626,0,201,55,-0.2140,-0.2402
3076,2.767526,0,201,55,-0.2140,-0.2402
3077,2.768426,0,201,55,-0.2140,-0.2402
3078,2.769326,0,201,55,-0.2140,-0.2402
3079,2.770226,0,201,55,-0.2140,-0.2402
3080,2.771126,0,201,55,-0.2140,-0.2402
3081,2.772026,0,201,55,-0.2140,-0.2402
3082,2.772926,0,201,55,-0.2140,-0.2402
3083,2.773826,0,201,55,-0.2140,-0.2402
3084,2.774726,0,201,54,-0.2259,-0.4803
3085,2.775626,0,201,54,-0.2259,-0.4803
3086,2.776526,0,201,54,-0.2259,-0.4803
3087,2.777426,0,201,54,-0.2259,-0.4803
3088,2.778326,0,201,54,-0.2259,-0.4803
3089,2.779226,0,201,54,-0.2259,-0.4803
3090,2.780126,0,201,54,-0.2259,-0.4803
3091,2.781026,0,201,54,-0.2259,-0.4803
3092,2.781926,0,201,54,-0.2259,-0.4803
3093,2.782825,0,201,54,-0.2259,-0.4803
3094,2.783726,0,201,54,-0.2259,-0.4803
3095,2.784626,0,201,54,-0.2259,-0.4803
3096,2.785526,0,201,54,-0.2259,-0.4803
3097,2.786426,0,201,54,-0.2259,-0.4803
3098,2.787326,0,201,54,-0.2259,-0.4803
3099,2.788226,0,201,54,-0.2259,-0.4803
3100,2.789126,0,201,54,-0.2259,-0.4803
3101,2.790026,0,201,54,-0.2259,-0.4803
3102,2.790926,0,201,54,-0.2259,-0.4803
3103,2.791826,0,201,54,-0.2259,-0.4803
3104,2.792726,0,201,54,-0.2259,-0.4803
3105,2.793625,0,202,54,-0.2259,-0.4803
3106,2.794525,0,202,54,-0.2259,-0.4803
3107,2.795425,0,202,54,-0.2259,-0.2402
3108,2.796325,0,202,54,-0.2259,-0.2402
3109,2.797225,0,202,54,-0.2259,-0.2402
3110,2.798125,0,202,53,-0.2378,-0.4803
3111,2.799025,0,202,53,-0.2378,-0.4803
3112,2.799926,0,202,53,-0.2378,-0.4803
3113,2.800825,0,202,53,-0.2378,-0.4803
3114,2.801725,0,202,53,-0.2378,-0.4803
3115,2.802625,0,202,53,-0.2378,-0.4803
3116,2.803525,0,202,53,-0.2378,-0.4803
3117,2.804425,0,202,53,-0.2378,-0.4803
3118,2.805325,0,202,53,-0.2378,-0.4803
3119,2.806225,0,202,53,-0.2378,-0.4803
3120,2.807125,0,205,53,-0.2378,-0.4803
3121,2.808025,0,205,53,-0.2378,-0.4803
3122,2.808925,0,205,53,-0.2378,-0.4803
3123,2.809825,0,205,53,-0.2378,-0.4803
3124,2.810725,0,205,53,-0.2378,-0.4803
3125,2.811625,0,205,53,-0.2378,-0.4803
3126,2.812525,0,205,53,-0.2378,-0.4803
3127,2.813425,0,205,53,-0.2378,-0.4803
3128,2.814325,0,205,53,-0.2378,-0.4803
3129,2.815225,0,205,53,-0.2378,-0.4803
3130,2.816125,0,205,53,-0.2378,-0.4803
3131,2.817025,0,205,53,-0.2378,-0.4803
3132,2.817925,0,205,53,-0.2378,-0.4803
3133,2.818825,0,205,53,-0.2378,-0.4803
3134,2.819725,0,205,53,-0.2378,-0.4803
3135,2.820625,0,205,53,-0.2378,-0.4803
3136,2.821525,0,205,53,-0.2378,-0.4803
3137,2.822425,0,205,53,-0.2378,-0.4803
3138,2.823325,0,205,53,-0.2378,-0.4803
3139,2.824225,0,205,53,-0.2378,-0.2402
3140,2.825125,0,205,53,-0.2378,-0.2402
3141,2.826025,0,205,53,-0.2378,-0.2402
3142,2.826925,0,205,53,-0.2378,-0.2402
3143,2.827825,0,205,53,-0.2378,-0.2402
3144,2.828725,0,205,53,-0.2378,-0.2402
3145,2.829625,0,205,53,-0.2378,-0.2402
3146,2.830525,0,205,53,-0.2378,-0.2402
3147,2.831425,0,205,53,-0.2378,-0.2402
3148,2.832325,0,205,53,-0.2378,-0.2402
3149,2.833225,0,205,53,-0.2378,-0.2402
3150,2.834125,0,205,53,-0.2378,-0.2402
3151,2.835025,0,205,53,-0.2378,-0.2402
3152,2.835925,0,205,53,-0.2378,-0.2402
3153,2.836825,0,205,53,-0.2378,-0.2402
3154,2.837725,0,205,53,-0.2378,-0.2402
3155,2.838625,0,205,53,-0.2378,-0.2402
3156,2.839525,0,205,53,-0.2378,-0.2402
3157,2.840425,0,205,53,-0.2378,-0.2402
3158,2.841325,0,205,53,-0.2378,-0.2402
3159,2.842226,0,205,53,-0.2378,-0.2402
3160,2.843126,0,205,53,-0.2378,-0.2402
3161,2.844026,0,205,53,-0.2378,-0.2402
3162,2.844926,0,205,53,-0.2378,-0.2402
3163,2.845826,0,205,53,-0.2378,-0.2402
3164,2.846726,0,205,53,-0.2378,-0.2402
3165,2.847626,0,205,53,-0.2378,0.0000
3166,2.848526,0,205,53,-0.2378,0.0000
3167,2.849426,0,205,53,-0.2378,0.0000
3168,2.850326,0,205,53,-0.2378,0.0000
3169,2.851226,0,205,53,-0.2378,0.0000
3170,2.852126,0,205,53,-0.2378,0.0000
3171,2.853026,0,205,53,-0.2378,0.0000
3172,2.853926,0,205,53,-0.2378,0.0000
3173,2.854826,0,206,53,-0.2378,0.0000
3174,2.855726,0,206,53,-0.2378,0.0000
3175,2.856626,0,206,53,-0.2378,0.0000
3176,2.857526,0,206,53,-0.2378,0.0000
3177,2.858426,0,206,53,-0.2378,0.0000
3178,2.859326,0,206,53,-0.2378,0.0000
3179,2.860226,0,206,53,-0.2378,0.0000
3180,2.861126,0,206,53,-0.2378,0.0000
3181,2.862026,0,206,53,-0.2378,0.0000
3182,2.862926,0,206,53,-0.2378,0.0000
3183,2.863826,0,206,53,-0.2378,0.0000
3184,2.864726,0,206,53,-0.2378,0.0000
3185,2.865626,0,206,53,-0.2378,0.0000
3186,2.866526,0,206,53,-0.2378,0.0000
3187,2.867426,0,206,53,-0.2378,0.0000
3188,2.868326,0,206,53,-0.2378,0.0000
3189,2.869226,0,206,53,-0.2378,0.0000
3190,2.870126,0,208,53,-0.2378,0.0000
3191,2.871026,0,208,53,-0.2378,0.0000
3192,2.871926,0,208,53,-0.2378,0.0000
3193,2.872826,0,208,53,-0.2378,0.0000
3194,2.873726,0,208,53,-0.2378,0.0000
3195,2.874626,0,208,53,-0.2378,0.0000
3196,2.875526,0,208,53,-0.2378,0.0000
3197,2.876426,0,208,53,-0.2378,0.0000
3198,2.877326,0,208,53,-0.2378,0.0000
3199,2.878226,0,208,53,-0.2378,0.0000
3200,2.879126,0,208,53,-0.2378,0.0000
3201,2.880026,0,208,53,-0.2378,0.0000
3202,2.880926,0,208,53,-0.2378,0.0000
3203,2.881826,0,208,53,-0.2378,0.0000
3204,2.882726,0,208,53,-0.2378,0.0000
3205,2.883626,0,208,53,-0.2378,0.0000
3206,2.884526,0,208,53,-0.2378,0.0000
3207,2.885426,0,208,53,-0.2378,0.0000
3208,2.886326,0,208,53,-0.2378,0.0000
3209,2.887226,0,208,53,-0.2378,0.0000
3210,2.888126,0,208,53,-0.2378,0.0000
3211,2.889026,0,208,53,-0.2378,0.0000
3212,2.889926,0,208,53,-0.2378,0.0000
3213,2.890826,0,208,53,-0.2378,0.0000
3214,2.891726,0,208,53,-0.2378,0.0000
3215,2.892626,0,208,53,-0.2378,0.0000
3216,2.893526,0,208,53,-0.2378,0.0000
3217,2.894426,0,208,53,-0.2378,0.0000
3218,2.895326,0,208,53,-0.2378,0.0000
3219,2.896226,0,208,53,-0.2378,0.0000
3220,2.897126,0,208,53,-0.2378,0.0000
3221,2.898026,0,208,53,-0.2378,0.0000
3222,2.898926,0,208,53,-0.2378,0.0000
3223,2.899826,0,208,53,-0.2378,0.0000
3224,2.900726,0,208,53,-0.2378,0.0000
3225,2.901626,0,208,53,-0.2378,0.0000
3226,2.902526,0,208,53,-0.2378,0.0000
3227,2.903426,0,208,53,-0.2378,0.0000
3228,2.904326,0,208,53,-0.2378,0.0000
3229,2.905226,0,208,53,-0.2378,0.0000
3230,2.906126,0,208,53,-0.2378,0.0000
3231,2.907026,0,208,53,-0.2378,0.0000
3232,2.907926,0,208,53,-0.2378,0.0000
3233,2.908826,0,208,53,-0.2378,0.0000
3234,2.909726,0,208,53,-0.2378,0.0000
3235,2.910626,0,208,53,-0.2378,0.0000
3236,2.911526,0,208,53,-0.2378,0.0000
3237,2.912426,0,208,53,-0.2378,0.0000
3238,2.913326,0,208,53,-0.2378,0.0000
3239,2.914226,0,208,53,-0.2378,0.0000
3240,2.915126,0,208,53,-0.2378,0.0000
3241,2.916026,0,209,53,-0.2378,0.0000
3242,2.916926,0,209,53,-0.2378,0.0000
3243,2.917826,0,209,53,-0.2378,0.0000
3244,2.918726,0,209,53,-0.2378,0.0000
3245,2.919627,0,209,53,-0.2378,0.0000
3246,2.920527,0,209,53,-0.2378,0.0000
3247,2.921427,0,209,53,-0.2378,0.0000
3248,2.922327,0,209,53,-0.2378,0.0000
3249,2.923227,0,209,53,-0.2378,0.0000
3250,2.924127,0,209,53,-0.2378,0.0000
3251,2.925027,0,209,53,-0.2378,0.0000
3252,2.925927,0,209,53,-0.2378,0.0000
3253,2.926827,0,209,53,-0.2378,0.0000
3254,2.927727,0,209,53,-0.2378,0.0000
3255,2.928627,0,209,53,-0.2378,0.0000
3256,2.929527,0,209,53,-0.2378,0.0000
3257,2.930427,0,209,53,-0.2378,0.0000
3258,2.931327,0,212,53,-0.2378,0.0000
3259,2.932227,0,212,53,-0.2378,0.0000
3260,2.933127,0,212,53,-0.2378,0.0000
3261,2.934027,0,212,53,-0.2378,0.0000
3262,2.934927,0,212,53,-0.2378,0.0000
3263,2.935827,0,212,53,-0.2378,0.0000
3264,2.936727,0,212,53,-0.2378,0.0000
3265,2.937627,0,212,53,-0.2378,0.0000
3266,2.938527,0,212,53,-0.2378,0.0000
3267,2.939427,0,212,53,-0.2378,0.0000
3268,2.940327,0,212,53,-0.2378,0.0000
3269,2.941227,0,212,53,-0.2378,0.0000
3270,2.942127,0,212,53,-0.2378,0.0000
3271,2.943027,0,212,53,-0.2378,0.0000
3272,2.943927,0,212,53,-0.2378,0.0000
3273,2.944827,0,212,53,-0.2378,0.0000
3274,2.945727,0,212,53,-0.2378,0.0000
3275,2.946627,0,212,53,-0.2378,0.0000
3276,2.947527,0,212,53,-0.2378,0.0000
3277,2.948427,0,212,52,-0.2497,-0.2402
3278,2.949327,0,212,52,-0.2497,-0.2402
3279,2.950227,0,212,52,-0.2497,-0.2402
3280,2.951127,0,212,52,-0.2497,-0.2402
3281,2.952027,0,212,52,-0.2497,-0.2402
3282,2.952927,0,212,52,-0.2497,-0.2402
3283,2.953827,0,212,52,-0.2497,-0.2402
3284,2.954727,0,212,52,-0.2497,-0.2402
3285,2.955627,0,212,52,-0.2497,-0.2402
3286,2.956527,0,212,52,-0.2497,-0.2402
3287,2.957427,0,212,52,-0.2497,-0.2402
3288,2.958327,0,212,52,-0.2497,-0.2402
3289,2.959227,0,212,52,-0.2497,-0.2402
3290,2.960127,0,212,52,-0.2497,-0.2402
3291,2.961027,0,212,52,-0.2497,-0.2402
3292,2.961927,0,212,52,-0.2497,-0.2402
3293,2.962827,0,212,52,-0.2497,-0.2402
3294,2.963727,0,212,51,-0.2615,-0.4803
3295,2.964627,0,212,51,-0.2615,-0.4803
3296,2.965527,0,212,51,-0.2615,-0.4803
3297,2.966427,0,212,51,-0.2615,-0.4803
3298,2.967327,0,212,51,-0.2615,-0.4803
3299,2.968227,0,212,51,-0.2615,-0.4803
3300,2.969127,0,212,51,-0.2615,-0.4803
3301,2.970027,0,212,51,-0.2615,-0.4803
3302,2.970927,0,212,51,-0.2615,-0.4803
3303,2.971827,0,212,51,-0.2615,-0.4803
3304,2.972727,0,212,51,-0.2615,-0.4803
3305,2.973627,0,212,51,-0.2615,-0.4803
3306,2.974527,0,212,51,-0.2615,-0.4803
3307,2.975427,0,212,51,-0.2615,-0.4803
3308,2.976327,0,212,50,-0.2734,-0.7205
3309,2.977227,0,212,50,-0.2734,-0.7205
3310,2.978127,0,213,50,-0.2734,-0.7205
3311,2.979027,0,213,50,-0.2734,-0.7205
3312,2.979927,0,213,50,-0.2734,-0.7205
3313,2.980827,0,213,50,-0.2734,-0.7205
3314,2.981727,0,213,50,-0.2734,-0.7205
3315,2.982627,0,213,50,-0.2734,-0.7205
3316,2.983527,0,213,50,-0.2734,-0.7205
3317,2.984427,0,213,50,-0.2734,-0.7205
3318,2.985327,0,213,50,-0.2734,-0.7205
3319,2.986227,0,213,50,-0.2734,-0.7205
3320,2.987127,0,213,49,-0.2853,-0.9607
3321,2.988027,0,213,49,-0.2853,-0.9607
3322,2.988927,0,213,49,-0.2853,-0.9607
3323,2.989827,0,213,49,-0.2853,-0.9607
3324,2.990727,0,213,49,-0.2853,-0.9607
3325,2.991627,0,213,49,-0.2853,-0.9607
3326,2.992527,0,213,49,-0.2853,-0.9607
3327,2.993427,0,216,49,-0.2853,-0.9607
3328,2.994327,0,216,49,-0.2853,-0.9607
3329,2.995227,0,216,49,-0.2853,-0.9607
3330,2.996127,0,216,49,-0.2853,-0.9607
3331,2.997028,0,216,48,-0.2972,-1.2008
3332,2.997928,0,216,48,-0.2972,-0.9607
3333,2.998828,0,216,48,-0.2972,-0.9607
3334,2.999728,0,216,48,-0.2972,-0.9607
3335,3.000628,0,216,48,-0.2972,-0.9607
3336,3.001528,0,216,48,-0.2972,-0.9607
3337,3.002428,0,216,48,-0.2972,-0.9607
3338,3.003328,0,216,48,-0.2972,-0.9607
3339,3.004228,0,216,48,-0.2972,-0.9607
3340,3.005128,0,216,47,-0.3091,-1.2008
3341,3.006028,0,216,47,-0.3091,-1.2008
3342,3.006928,0,216,47,-0.3091,-1.2008
3343,3.007828,0,216,47,-0.3091,-1.2008
3344,3.008728,0,216,47,-0.3091,-1.2008
3345,3.009628,0,216,47,-0.3091,-1.2008
3346,3.010528,0,216,47,-0.3091,-1.2008
3347,3.011428,0,216,47,-0.3091,-1.2008
3348,3.012328,0,216,47,-0.3091,-1.2008
3349,3.013228,0,216,47,-0.3091,-0.9607
3350,3.014128,0,216,47,-0.3091,-0.9607
3351,3.015028,0,216,47,-0.3091,-0.9607
3352,3.015928,0,216,46,-0.3210,-1.2008
3353,3.016828,0,216,46,-0.3210,-1.2008
3354,3.017728,0,216,46,-0.3210,-1.2008
3355,3.018628,0,216,46,-0.3210,-1.2008
3356,3.019528,0,216,46,-0.3210,-1.2008
3357,3.020428,0,216,46,-0.3210,-1.2008
3358,3.021328,0,216,46,-0.3210,-1.2008
3359,3.022228,0,216,46,-0.3210,-1.2008
3360,3.023128,0,216,46,-0.3210,-1.2008
3361,3.024028,0,216,46,-0.3210,-1.2008
3362,3.024928,0,216,46,-0.3210,-1.2008
3363,3.025828,0,216,46,-0.3210,-0.9607
3364,3.026728,0,216,46,-0.3210,-0.9607
3365,3.027628,0,216,46,-0.3210,-0.9607
3366,3.028528,0,216,46,-0.3210,-0.9607
3367,3.029428,0,216,46,-0.3210,-0.9607
3368,3.030328,0,216,45,-0.3329,-1.2008
3369,3.031228,0,216,45,-0.3329,-1.2008
3370,3.032128,0,216,45,-0.3329,-1.2008
3371,3.033028,0,216,45,-0.3329,-1.2008
3372,3.033928,0,216,45,-0.3329,-1.2008
3373,3.034828,0,216,45,-0.3329,-1.2008
3374,3.035728,0,216,45,-0.3329,-1.2008
3375,3.036628,0,216,45,-0.3329,-0.9607
3376,3.037528,0,216,45,-0.3329,-0.9607
3377,3.038428,0,216,45,-0.3329,-0.9607
3378,3.039328,0,216,45,-0.3329,-0.9607
3379,3.040228,0,216,45,-0.3329,-0.9607
3380,3.041128,0,216,45,-0.3329,-0.9607
3381,3.042028,0,217,45,-0.3329,-0.9607
3382,3.042928,0,217,45,-0.3329,-0.9607
3383,3.043828,0,217,45,-0.3329,-0.9607
3384,3.044728,0,217,45,-0.3329,-0.9607
3385,3.045628,0,217,45,-0.3329,-0.9607
3386,3.046528,0,217,45,-0.3329,-0.7205
3387,3.047428,0,217,45,-0.3329,-0.7205
3388,3.048328,0,217,45,-0.3329,-0.7205
3389,3.049228,0,217,44,-0.3448,-0.9607
3390,3.050128,0,217,44,-0.3448,-0.9607
3391,3.051028,0,217,44,-0.3448,-0.9607
3392,3.051928,0,217,44,-0.3448,-0.9607
3393,3.052828,0,217,44,-0.3448,-0.9607
3394,3.053728,0,217,44,-0.3448,-0.9607
3395,3.054628,0,217,44,-0.3448,-0.7205
3396,3.055528,0,217,44,-0.3448,-0.7205
3397,3.056428,0,220,44,-0.3448,-0.7205
3398,3.057328,0,220,44,-0.3448,-0.7205
3399,3.058228,0,220,44,-0.3448,-0.7205
3400,3.059128,0,220,44,-0.3448,-0.7205
3401,3.060028,0,220,44,-0.3448,-0.7205
3402,3.060928,0,220,44,-0.3448,-0.7205
3403,3.061828,0,220,44,-0.3448,-0.7205
3404,3.062728,0,220,44,-0.3448,-0.7205
3405,3.063628,0,220,44,-0.3448,-0.7205
3406,3.064527,0,220,44,-0.3448,-0.7205
3407,3.065427,0,220,44,-0.3448,-0.4803
3408,3.066327,0,220,44,-0.3448,-0.4803
3409,3.067228,0,220,44,-0.3448,-0.4803
3410,3.068128,0,220,44,-0.3448,-0.4803
3411,3.069028,0,220,44,-0.3448,-0.4803
3412,3.069928,0,220,44,-0.3448,-0.4803
3413,3.070828,0,220,44,-0.3448,-0.4803
3414,3.071728,0,220,44,-0.3448,-0.4803
3415,3.072628,0,220,44,-0.3448,-0.4803
3416,3.073528,0,220,44,-0.3448,-0.4803
3417,3.074428,0,220,44,-0.3448,-0.4803
3418,3.075328,0,220,44,-0.3448,-0.4803
3419,3.076228,0,220,44,-0.3448,-0.4803
3420,3.077128,0,220,44,-0.3448,-0.4803
3421,3.078028,0,220,44,-0.3448,-0.4803
3422,3.078928,0,220,44,-0.3448,-0.4803
3423,3.079828,0,220,44,-0.3448,-0.2402
3424,3.080728,0,220,44,-0.3448,-0.2402
3425,3.081628,0,220,44,-0.3448,-0.2402
3426,3.082529,0,220,44,-0.3448,-0.2402
3427,3.083429,0,220,44,-0.3448,-0.2402
3428,3.084328,0,220,45,-0.3329,0.0000
3429,3.085228,0,220,45,-0.3329,0.0000
3430,3.086128,0,220,45,-0.3329,0.0000
3431,3.087028,0,220,45,-0.3329,0.0000
3432,3.087928,0,220,45,-0.3329,0.0000
3433,3.088828,0,220,45,-0.3329,0.0000
3434,3.089728,0,220,45,-0.3329,0.0000
3435,3.090628,0,220,45,-0.3329,0.0000
3436,3.091528,0,220,45,-0.3329,0.0000
3437,3.092428,0,220,45,-0.3329,0.0000
3438,3.093328,0,220,45,-0.3329,0.0000
3439,3.094228,0,220,45,-0.3329,0.0000
3440,3.095128,0,220,45,-0.3329,0.0000
3441,3.096028,0,220,45,-0.3329,0.0000
3442,3.096928,0,220,45,-0.3329,0.0000
3443,3.097828,0,220,45,-0.3329,0.0000
3444,3.098728,0,220,45,-0.3329,0.2402
3445,3.099628,0,220,45,-0.3329,0.2402
3446,3.100528,0,220,45,-0.3329,0.2402
3447,3.101428,0,220,45,-0.3329,0.2402
3448,3.102328,0,220,45,-0.3329,0.2402
3449,3.103228,0,220,45,-0.3329,0.2402
3450,3.104128,0,220,45,-0.3329,0.2402
3451,3.105028,0,221,45,-0.3329,0.2402
3452,3.105928,0,221,46,-0.3210,0.4803
3453,3.106828,0,221,46,-0.3210,0.4803
3454,3.107728,0,221,46,-0.3210,0.4803
3455,3.108628,0,221,46,-0.3210,0.4803
3456,3.109528,0,221,46,-0.3210,0.4803
3457,3.110428,0,221,46,-0.3210,0.4803
3458,3.111328,0,221,46,-0.3210,0.4803
3459,3.112228,0,221,46,-0.3210,0.4803
3460,3.113128,0,221,46,-0.3210,0.4803
3461,3.114028,0,221,46,-0.3210,0.4803
3462,3.114928,0,221,46,-0.3210,0.4803
3463,3.115828,0,221,46,-0.3210,0.4803
3464,3.116728,0,221,46,-0.3210,0.4803
3465,3.117628,0,221,46,-0.3210,0.4803
3466,3.118528,0,221,46,-0.3210,0.4803
3467,3.119428,0,223,46,-0.3210,0.4803
3468,3.120328,0,223,46,-0.3210,0.4803
3469,3.121228,0,223,46,-0.3210,0.4803
3470,3.122128,0,223,47,-0.3091,0.7205
3471,3.123028,0,223,47,-0.3091,0.7205
3472,3.123928,0,223,47,-0.3091,0.7205
3473,3.124828,0,223,47,-0.3091,0.7205
3474,3.125728,0,223,47,-0.3091,0.7205
3475,3.126628,0,223,47,-0.3091,0.7205
3476,3.127528,0,223,47,-0.3091,0.7205
3477,3.128428,0,223,47,-0.3091,0.7205
3478,3.129328,0,223,47,-0.3091,0.7205
3479,3.130228,0,223,47,-0.3091,0.7205
3480,3.131128,0,223,47,-0.3091,0.7205
3481,3.132028,0,223,47,-0.3091,0.7205
3482,3.132928,0,223,47,-0.3091,0.7205
3483,3.133828,0,223,48,-0.2972,0.7205
3484,3.134728,0,223,48,-0.2972,0.7205
3485,3.135628,0,223,48,-0.2972,0.7205
3486,3.136528,0,223,48,-0.2972,0.7205
3487,3.137428,0,223,48,-0.2972,0.7205
3488,3.138328,0,223,48,-0.2972,0.7205
3489,3.139228,0,223,48,-0.2972,0.7205
3490,3.140128,0,223,48,-0.2972,0.7205
3491,3.141028,0,223,48,-0.2972,0.7205
3492,3.141928,0,223,48,-0.2972,0.7205
3493,3.142828,0,223,48,-0.2972,0.7205
3494,3.143728,0,223,49,-0.2853,0.9607
3495,3.144628,0,223,49,-0.2853,0.9607
3496,3.145528,0,223,49,-0.2853,0.9607
3497,3.146428,0,223,49,-0.2853,0.9607
3498,3.147328,0,223,49,-0.2853,0.9607
3499,3.148228,0,223,49,-0.2853,0.9607
3500,3.149128,0,223,49,-0.2853,0.9607
3501,3.150028,0,223,49,-0.2853,0.9607
3502,3.150928,0,223,49,-0.2853,0.9607
3503,3.151828,0,223,49,-0.2853,0.9607
3504,3.152728,0,223,49,-0.2853,0.9607
3505,3.153629,0,223,49,-0.2853,0.9607
3506,3.154529,0,223,49,-0.2853,0.9607
3507,3.155429,0,223,49,-0.2853,0.7205
3508,3.156329,0,223,49,-0.2853,0.7205
3509,3.157229,0,223,49,-0.2853,0.7205
3510,3.158129,0,223,49,-0.2853,0.7205
3511,3.159029,0,223,49,-0.2853,0.7205
3512,3.159929,0,223,50,-0.2734,0.9607
3513,3.160829,0,223,50,-0.2734,0.9607
3514,3.161729,0,223,50,-0.2734,0.9607
3515,3.162629,0,223,50,-0.2734,0.9607
3516,3.163529,0,223,50,-0.2734,0.9607
3517,3.164429,0,223,50,-0.2734,0.9607
3518,3.165329,0,223,50,-0.2734,0.9607
3519,3.166229,0,223,50,-0.2734,0.9607
3520,3.167129,0,224,50,-0.2734,0.9607
3521,3.168029,0,224,50,-0.2734,0.9607
3522,3.168929,0,224,50,-0.2734,0.9607
3523,3.169829,0,224,50,-0.2734,0.9607
3524,3.170729,0,224,50,-0.2734,0.9607
3525,3.171629,0,224,50,-0.2734,0.7205
3526,3.172529,0,224,50,-0.2734,0.7205
3527,3.173429,0,224,50,-0.2734,0.7205
3528,3.174329,0,224,50,-0.2734,0.7205
3529,3.175229,0,224,50,-0.2734,0.7205
3530,3.176129,0,224,50,-0.2734,0.7205
3531,3.177029,0,224,50,-0.2734,0.7205
3532,3.177929,0,224,50,-0.2734,0.7205
3533,3.178829,0,224,50,-0.2734,0.7205
3534,3.179729,0,224,50,-0.2734,0.7205
3535,3.180629,0,224,50,-0.2734,0.7205
3536,3.181529,0,224,50,-0.2734,0.7205
3537,3.182429,0,227,50,-0.2734,0.7205
3538,3.183329,0,227,50,-0.2734,0.4803
3539,3.184229,0,227,50,-0.2734,0.4803
3540,3.185129,0,227,50,-0.2734,0.4803
3541,3.186029,0,227,50,-0.2734,0.4803
3542,3.186929,0,227,50,-0.2734,0.4803
3543,3.187829,0,227,50,-0.2734,0.4803
3544,3.188729,0,227,50,-0.2734,0.4803
3545,3.189629,0,227,50,-0.2734,0.4803
3546,3.190529,0,227,50,-0.2734,0.4803
3547,3.191429,0,227,50,-0.2734,0.4803
3548,3.192329,0,227,50,-0.2734,0.4803
3549,3.193229,0,227,50,-0.2734,0.2402
3550,3.194129,0,227,50,-0.2734,0.2402
3551,3.195029,0,227,50,-0.2734,0.2402
3552,3.195929,0,227,50,-0.2734,0.2402
3553,3.196829,0,227,50,-0.2734,0.2402
3554,3.197729,0,227,50,-0.2734,0.2402
3555,3.198629,0,227,50,-0.2734,0.2402
3556,3.199529,0,227,50,-0.2734,0.2402
3557,3.200429,0,227,50,-0.2734,0.2402
3558,3.201329,0,227,50,-0.2734,0.2402
3559,3.202229,0,227,50,-0.2734,0.2402
3560,3.203129,0,227,50,-0.2734,0.2402
3561,3.204029,0,227,50,-0.2734,0.2402
3562,3.204929,0,227,50,-0.2734,0.2402
3563,3.205829,0,227,50,-0.2734,0.2402
3564,3.206729,0,227,50,-0.2734,0.2402
3565,3.207629,0,227,50,-0.2734,0.2402
3566,3.208529,0,227,50,-0.2734,0.2402
3567,3.209429,0,227,50,-0.2734,0.0000
3568,3.210329,0,227,50,-0.2734,0.0000
3569,3.211229,0,227,50,-0.2734,0.0000
3570,3.212129,0,227,50,-0.2734,0.0000
3571,3.213029,0,227,50,-0.2734,0.0000
3572,3.213929,0,227,50,-0.2734,0.0000
3573,3.214829,0,227,50,-0.2734,0.0000
3574,3.215729,0,227,50,-0.2734,0.0000
3575,3.216629,0,227,50,-0.2734,0.0000
3576,3.217529,0,227,50,-0.2734,0.0000
3577,3.218429,0,227,50,-0.2734,0.0000
3578,3.219329,0,227,50,-0.2734,0.0000
3579,3.220229,0,227,50,-0.2734,0.0000
3580,3.221129,0,227,50,-0.2734,0.0000
3581,3.222029,0,227,50,-0.2734,0.0000
3582,3.222929,0,227,50,-0.2734,0.0000
3583,3.223829,0,227,50,-0.2734,0.0000
3584,3.224729,0,227,50,-0.2734,0.0000
3585,3.225629,0,227,50,-0.2734,0.0000
3586,3.226529,0,227,50,-0.2734,0.0000
3587,3.227429,0,227,50,-0.2734,0.0000
3588,3.228329,0,227,50,-0.2734,0.0000
3589,3.229229,0,228,50,-0.2734,0.0000
3590,3.230129,0,228,50,-0.2734,0.0000
3591,3.231030,0,228,50,-0.2734,0.0000
3592,3.231930,0,228,50,-0.2734,0.0000
3593,3.232830,0,228,50,-0.2734,0.0000
3594,3.233730,0,228,50,-0.2734,0.0000
3595,3.234630,0,228,50,-0.2734,0.0000
3596,3.235530,0,228,50,-0.2734,0.0000
3597,3.236430,0,228,50,-0.2734,0.0000
3598,3.237330,0,228,50,-0.2734,0.0000
3599,3.238230,0,228,50,-0.2734,0.0000
3600,3.239130,0,228,50,-0.2734,0.0000
3601,3.240030,0,228,50,-0.2734,0.0000
3602,3.240930,0,228,50,-0.2734,0.0000
3603,3.241830,0,228,50,-0.2734,0.0000
3604,3.242730,0,228,50,-0.2734,0.0000
3605,3.243630,0,228,50,-0.2734,0.0000
3606,3.244530,0,231,50,-0.2734,0.0000
3607,3.245430,0,231,50,-0.2734,0.0000
3608,3.246330,0,231,50,-0.2734,0.0000
3609,3.247230,0,231,50,-0.2734,0.0000
3610,3.248130,0,231,50,-0.2734,0.0000
3611,3.249030,0,231,50,-0.2734,0.0000
3612,3.249930,0,231,50,-0.2734,0.0000
3613,3.250830,0,231,50,-0.2734,0.0000
3614,3.251730,0,231,50,-0.2734,0.0000
3615,3.252630,0,231,50,-0.2734,0.0000
3616,3.253530,0,231,50,-0.2734,0.0000
3617,3.254430,0,231,50,-0.2734,0.0000
3618,3.255330,0,231,50,-0.2734,0.0000
3619,3.256230,0,231,50,-0.2734,0.0000
3620,3.257130,0,231,50,-0.2734,0.0000
3621,3.258030,0,231,50,-0.2734,0.0000
3622,3.258930,0,231,50,-0.2734,0.0000
3623,3.259830,0,231,50,-0.2734,0.0000
3624,3.260730,0,231,50,-0.2734,0.0000
3625,3.261630,0,231,50,-0.2734,0.0000
3626,3.262530,0,231,50,-0.2734,0.0000
3627,3.263430,0,231,50,-0.2734,0.0000
3628,3.264330,0,231,50,-0.2734,0.0000
3629,3.265230,0,231,50,-0.2734,0.0000
3630,3.266130,0,231,50,-0.2734,0.0000
3631,3.267030,0,231,50,-0.2734,0.0000
3632,3.267930,0,231,50,-0.2734,0.0000
3633,3.268830,0,231,50,-0.2734,0.0000
3634,3.269730,0,231,50,-0.2734,0.0000
3635,3.270630,0,231,50,-0.2734,0.0000
3636,3.271530,0,231,50,-0.2734,0.0000
3637,3.272430,0,231,50,-0.2734,0.0000
3638,3.273330,0,231,50,-0.2734,0.0000
3639,3.274230,0,231,50,-0.2734,0.0000
3640,3.275130,0,231,50,-0.2734,0.0000
3641,3.276030,0,231,50,-0.2734,0.0000
3642,3.276930,0,231,50,-0.2734,0.0000
3643,3.277830,0,231,50,-0.2734,0.0000
3644,3.278730,0,231,50,-0.2734,0.0000
3645,3.279630,0,231,50,-0.2734,0.0000
3646,3.280530,0,231,50,-0.2734,0.0000
3647,3.281430,0,231,50,-0.2734,0.0000
3648,3.282330,0,231,50,-0.2734,0.0000
3649,3.283230,0,231,50,-0.2734,0.0000
3650,3.284130,0,231,50,-0.2734,0.0000
3651,3.285030,0,231,50,-0.2734,0.0000
3652,3.285930,0,231,50,-0.2734,0.0000
3653,3.286830,0,231,50,-0.2734,0.0000
3654,3.287730,0,231,50,-0.2734,0.0000
3655,3.288630,0,231,50,-0.2734,0.0000
3656,3.289530,0,231,50,-0.2734,0.0000
3657,3.290430,0,231,50,-0.2734,0.0000
3658,3.291330,0,231,50,-0.2734,0.0000
3659,3.292230,0,232,50,-0.2734,0.0000
3660,3.293130,0,232,50,-0.2734,0.0000
3661,3.294030,0,232,50,-0.2734,0.0000
3662,3.294930,0,232,50,-0.2734,0.0000
3663,3.295830,0,232,50,-0.2734,0.0000
3664,3.296730,0,232,50,-0.2734,0.0000
3665,3.297630,0,232,50,-0.2734,0.0000
3666,3.298530,0,232,50,-0.2734,0.0000
3667,3.299430,0,232,50,-0.2734,0.0000
3668,3.300330,0,232,50,-0.2734,0.0000
3669,3.301230,0,232,50,-0.2734,0.0000
3670,3.302130,0,232,50,-0.2734,0.0000
3671,3.303030,0,232,50,-0.2734,0.0000
3672,3.303930,0,232,50,-0.2734,0.0000
3673,3.304830,0,232,50,-0.2734,0.0000
3674,3.305730,0,232,50,-0.2734,0.0000
3675,3.306630,0,232,50,-0.2734,0.0000
3676,3.307530,0,232,50,-0.2734,0.0000
3677,3.308431,0,235,50,-0.2734,0.0000
3678,3.309331,0,235,50,-0.2734,0.0000
3679,3.310231,0,235,50,-0.2734,0.0000
3680,3.311131,0,235,50,-0.2734,0.0000
3681,3.312031,0,235,50,-0.2734,0.0000
3682,3.312931,0,235,50,-0.2734,0.0000
3683,3.313831,0,235,50,-0.2734,0.0000
3684,3.314731,0,235,50,-0.2734,0.0000
3685,3.315631,0,235,50,-0.2734,0.0000
3686,3.316531,0,235,50,-0.2734,0.0000
3687,3.317431,0,235,50,-0.2734,0.0000
3688,3.318331,0,235,50,-0.2734,0.0000
3689,3.319231,0,235,50,-0.2734,0.0000
3690,3.320131,0,235,50,-0.2734,0.0000
3691,3.321031,0,235,50,-0.2734,0.0000
3692,3.321931,0,235,50,-0.2734,0.0000
3693,3.322831,0,235,50,-0.2734,0.0000
3694,3.323731,0,235,50,-0.2734,0.0000
3695,3.324631,0,235,50,-0.2734,0.0000
3696,3.325531,0,235,50,-0.2734,0.0000
3697,3.326431,0,235,50,-0.2734,0.0000
3698,3.327331,0,235,50,-0.2734,0.0000
3699,3.328231,0,235,50,-0.2734,0.0000
3700,3.329131,0,235,50,-0.2734,0.0000
3701,3.330031,0,235,50,-0.2734,0.0000
3702,3.330931,0,235,50,-0.2734,0.0000
3703,3.331831,0,235,50,-0.2734,0.0000
3704,3.332731,0,235,50,-0.2734,0.0000
3705,3.333631,0,235,50,-0.2734,0.0000
3706,3.334531,0,235,51,-0.2615,0.2402
3707,3.335430,0,235,51,-0.2615,0.2402
3708,3.336330,0,235,51,-0.2615,0.2402
3709,3.337230,0,235,51,-0.2615,0.2402
3710,3.338130,0,235,51,-0.2615,0.2402
3711,3.339030,0,235,51,-0.2615,0.2402
3712,3.339931,0,235,51,-0.2615,0.2402
3713,3.340831,0,235,51,-0.2615,0.2402
3714,3.341731,0,235,51,-0.2615,0.2402
3715,3.342631,0,235,51,-0.2615,0.2402
3716,3.343530,0,235,51,-0.2615,0.2402
3717,3.344431,0,235,51,-0.2615,0.2402
3718,3.345331,0,235,51,-0.2615,0.2402
3719,3.346230,0,235,51,-0.2615,0.2402
3720,3.347130,0,235,51,-0.2615,0.2402
3721,3.348030,0,235,51,-0.2615,0.2402
3722,3.348930,0,235,51,-0.2615,0.2402
3723,3.349830,0,235,51,-0.2615,0.2402
3724,3.350730,0,235,51,-0.2615,0.2402
3725,3.351630,0,235,51,-0.2615,0.2402
3726,3.352530,0,235,51,-0.2615,0.2402
3727,3.353430,0,235,51,-0.2615,0.2402
3728,3.354330,0,235,51,-0.2615,0.2402
3729,3.355231,0,235,51,-0.2615,0.2402
3730,3.356130,0,235,52,-0.2497,0.4803
3731,3.357030,0,235,52,-0.2497,0.4803
3732,3.357930,0,235,52,-0.2497,0.4803
3733,3.358830,0,235,52,-0.2497,0.4803
3734,3.359730,0,235,52,-0.2497,0.4803
3735,3.360630,0,235,52,-0.2497,0.4803
3736,3.361530,0,235,52,-0.2497,0.4803
3737,3.362430,0,235,52,-0.2497,0.4803
3738,3.363330,0,235,52,-0.2497,0.4803
3739,3.364230,0,235,52,-0.2497,0.4803
3740,3.365130,0,235,52,-0.2497,0.4803
3741,3.366030,0,235,52,-0.2497,0.4803
3742,3.366930,0,235,52,-0.2497,0.4803
3743,3.367830,0,235,52,-0.2497,0.4803
3744,3.368730,0,235,52,-0.2497,0.4803
3745,3.369630,0,238,52,-0.2497,0.4803
3746,3.370530,0,238,52,-0.2497,0.4803
3747,3.371430,0,238,52,-0.2497,0.4803
3748,3.372330,0,238,52,-0.2497,0.4803
3749,3.373230,0,238,52,-0.2497,0.4803
3750,3.374130,0,238,52,-0.2497,0.4803
3751,3.375030,0,238,52,-0.2497,0.4803
3752,3.375930,0,238,53,-0.2378,0.7205
3753,3.376830,0,238,53,-0.2378,0.7205
3754,3.377730,0,238,53,-0.2378,0.7205
3755,3.378630,0,238,53,-0.2378,0.7205
3756,3.379530,0,238,53,-0.2378,0.7205
3757,3.380430,0,238,53,-0.2378,0.7205
3758,3.381330,0,238,53,-0.2378,0.7205
3759,3.382230,0,238,53,-0.2378,0.7205
3760,3.383130,0,238,53,-0.2378,0.7205
3761,3.384030,0,238,53,-0.2378,0.4803
3762,3.384930,0,238,53,-0.2378,0.4803
3763,3.385830,0,238,53,-0.2378,0.4803
3764,3.386731,0,238,53,-0.2378,0.4803
3765,3.387631,0,238,53,-0.2378,0.4803
3766,3.388531,0,238,53,-0.2378,0.4803
3767,3.389431,0,238,53,-0.2378,0.4803
3768,3.390331,0,238,53,-0.2378,0.4803
3769,3.391231,0,238,53,-0.2378,0.4803
3770,3.392131,0,238,53,-0.2378,0.4803
3771,3.393031,0,238,53,-0.2378,0.4803
3772,3.393931,0,238,53,-0.2378,0.4803
3773,3.394831,0,238,53,-0.2378,0.4803
3774,3.395731,0,238,53,-0.2378,0.4803
3775,3.396631,0,238,53,-0.2378,0.4803
3776,3.397531,0,238,53,-0.2378,0.4803
3777,3.398431,0,238,53,-0.2378,0.4803
3778,3.399331,0,238,53,-0.2378,0.4803
3779,3.400231,0,238,53,-0.2378,0.4803
3780,3.401131,0,238,53,-0.2378,0.4803
3781,3.402031,0,238,53,-0.2378,0.4803
3782,3.402931,0,238,54,-0.2259,0.7205
3783,3.403831,0,238,54,-0.2259,0.7205
3784,3.404731,0,238,54,-0.2259,0.7205
3785,3.405631,0,238,54,-0.2259,0.4803
3786,3.406531,0,238,54,-0.2259,0.4803
3787,3.407431,0,238,54,-0.2259,0.4803
3788,3.408331,0,238,54,-0.2259,0.4803
3789,3.409231,0,238,54,-0.2259,0.4803
3790,3.410131,0,238,54,-0.2259,0.4803
3791,3.411031,0,238,54,-0.2259,0.4803
3792,3.411931,0,238,54,-0.2259,0.4803
3793,3.412831,0,238,54,-0.2259,0.4803
3794,3.413731,0,238,54,-0.2259,0.4803
3795,3.414631,0,238,54,-0.2259,0.4803
3796,3.415531,0,239,54,-0.2259,0.4803
3797,3.416431,0,239,54,-0.2259,0.4803
3798,3.417331,0,239,54,-0.2259,0.4803
3799,3.418231,0,239,54,-0.2259,0.4803
3800,3.419131,0,239,54,-0.2259,0.4803
3801,3.420031,0,239,54,-0.2259,0.4803
3802,3.420931,0,239,54,-0.2259,0.4803
3803,3.421831,0,239,54,-0.2259,0.4803
3804,3.422731,0,239,54,-0.2259,0.4803
3805,3.423631,0,239,54,-0.2259,0.4803
3806,3.424531,0,239,54,-0.2259,0.4803
3807,3.425431,0,239,54,-0.2259,0.2402
3808,3.426331,0,239,54,-0.2259,0.2402
3809,3.427231,0,239,54,-0.2259,0.2402
3810,3.428131,0,239,54,-0.2259,0.2402
3811,3.429031,0,239,54,-0.2259,0.2402
3812,3.429931,0,239,54,-0.2259,0.2402
3813,3.430831,0,239,54,-0.2259,0.2402
3814,3.431731,0,242,54,-0.2259,0.2402
3815,3.432631,0,242,54,-0.2259,0.2402
3816,3.433531,0,242,54,-0.2259,0.2402
3817,3.434431,0,242,54,-0.2259,0.2402
3818,3.435331,0,242,54,-0.2259,0.2402
3819,3.436231,0,242,54,-0.2259,0.2402
3820,3.437131,0,242,54,-0.2259,0.2402
3821,3.438031,0,242,54,-0.2259,0.2402
3822,3.438931,0,242,54,-0.2259,0.2402
3823,3.439831,0,242,54,-0.2259,0.2402
3824,3.440731,0,242,54,-0.2259,0.2402
3825,3.441631,0,242,54,-0.2259,0.2402
3826,3.442531,0,242,54,-0.2259,0.2402
3827,3.443431,0,242,54,-0.2259,0.2402
3828,3.444331,0,242,54,-0.2259,0.2402
3829,3.445231,0,242,54,-0.2259,0.2402
3830,3.446131,0,242,54,-0.2259,0.2402
3831,3.447031,0,242,54,-0.2259,0.2402
3832,3.447931,0,242,54,-0.2259,0.2402
3833,3.448831,0,242,54,-0.2259,0.2402
3834,3.449731,0,242,54,-0.2259,0.2402
3835,3.450631,0,242,54,-0.2259,0.2402
3836,3.451531,0,242,54,-0.2259,0.2402
3837,3.452431,0,242,54,-0.2259,0.0000
3838,3.453331,0,242,54,-0.2259,0.0000
3839,3.454231,0,242,54,-0.2259,0.0000
3840,3.455131,0,242,54,-0.2259,0.0000
3841,3.456031,0,242,54,-0.2259,0.0000
3842,3.456931,0,242,54,-0.2259,0.0000
3843,3.457831,0,242,54,-0.2259,0.0000
3844,3.458731,0,242,54,-0.2259,0.0000
3845,3.459631,0,242,54,-0.2259,0.0000
3846,3.460531,0,242,54,-0.2259,0.0000
3847,3.461431,0,242,54,-0.2259,0.0000
3848,3.462331,0,242,54,-0.2259,0.0000
3849,3.463231,0,242,54,-0.2259,0.0000
3850,3.464132,0,242,54,-0.2259,0.0000
3851,3.465032,0,242,54,-0.2259,0.0000
3852,3.465932,0,242,54,-0.2259,0.0000
3853,3.466832,0,242,54,-0.2259,0.0000
3854,3.467732,0,242,54,-0.2259,0.0000
3855,3.468632,0,242,54,-0.2259,0.0000
3856,3.469532,0,242,54,-0.2259,0.0000
3857,3.470432,0,242,54,-0.2259,0.0000
3858,3.471332,0,242,54,-0.2259,0.0000
3859,3.472232,0,242,54,-0.2259,0.0000
3860,3.473132,0,242,54,-0.2259,0.0000
3861,3.474032,0,242,54,-0.2259,0.0000
3862,3.474932,0,242,54,-0.2259,0.0000
3863,3.475832,0,242,54,-0.2259,0.0000
3864,3.476732,0,242,54,-0.2259,0.0000
3865,3.477632,0,242,54,-0.2259,0.0000
3866,3.478532,0,243,54,-0.2259,0.0000
3867,3.479432,0,243,54,-0.2259,0.0000
3868,3.480332,0,243,54,-0.2259,0.0000
3869,3.481232,0,243,54,-0.2259,0.0000
3870,3.482132,0,243,54,-0.2259,0.0000
3871,3.483032,0,243,53,-0.2378,-0.2402
3872,3.483932,0,243,53,-0.2378,-0.2402
3873,3.484832,0,243,53,-0.2378,-0.2402
3874,3.485732,0,243,53,-0.2378,-0.2402
3875,3.486632,0,243,53,-0.2378,-0.2402
3876,3.487532,0,243,53,-0.2378,-0.2402
3877,3.488432,0,243,53,-0.2378,-0.2402
3878,3.489332,0,243,53,-0.2378,-0.2402
3879,3.490232,0,243,53,-0.2378,-0.2402
3880,3.491132,0,243,53,-0.2378,-0.2402
3881,3.492032,0,246,53,-0.2378,-0.2402
3882,3.492932,0,246,53,-0.2378,-0.2402
3883,3.493832,0,246,53,-0.2378,-0.2402
3884,3.494732,0,246,53,-0.2378,-0.2402
3885,3.495632,0,246,53,-0.2378,-0.2402
3886,3.496532,0,246,53,-0.2378,-0.2402
3887,3.497432,0,246,53,-0.2378,-0.2402
3888,3.498332,0,246,53,-0.2378,-0.2402
3889,3.499232,0,246,53,-0.2378,-0.2402
3890,3.500132,0,246,53,-0.2378,-0.2402
3891,3.501032,0,246,53,-0.2378,-0.2402
3892,3.501932,0,246,53,-0.2378,-0.2402
3893,3.502832,0,246,53,-0.2378,-0.2402
3894,3.503732,0,246,53,-0.2378,-0.2402
3895,3.504632,0,246,53,-0.2378,-0.2402
3896,3.505532,0,246,53,-0.2378,-0.2402
3897,3.506432,0,246,53,-0.2378,-0.2402
3898,3.507332,0,246,53,-0.2378,-0.2402
3899,3.508232,0,246,53,-0.2378,-0.2402
3900,3.509132,0,246,53,-0.2378,-0.2402
3901,3.510032,0,246,53,-0.2378,-0.2402
3902,3.510932,0,246,53,-0.2378,-0.2402
3903,3.511832,0,246,53,-0.2378,-0.2402
3904,3.512732,0,246,53,-0.2378,-0.2402
3905,3.513632,0,246,53,-0.2378,-0.2402
3906,3.514532,0,246,53,-0.2378,-0.2402
3907,3.515432,0,246,53,-0.2378,-0.2402
3908,3.516332,0,246,53,-0.2378,-0.2402
3909,3.517232,0,246,53,-0.2378,-0.2402
3910,3.518132,0,246,53,-0.2378,-0.2402
3911,3.519032,0,246,53,-0.2378,-0.2402
3912,3.519932,0,246,53,-0.2378,-0.2402
3913,3.520832,0,246,53,-0.2378,-0.2402
3914,3.521732,0,246,53,-0.2378,-0.2402
3915,3.522632,0,246,53,-0.2378,-0.2402
3916,3.523532,0,246,53,-0.2378,-0.2402
3917,3.524432,0,246,53,-0.2378,-0.2402
3918,3.525332,0,246,53,-0.2378,-0.2402
3919,3.526232,0,246,53,-0.2378,-0.2402
3920,3.527132,0,246,53,-0.2378,-0.2402
3921,3.528032,0,246,53,-0.2378,-0.2402
3922,3.528932,0,246,53,-0.2378,-0.2402
3923,3.529832,0,246,53,-0.2378,-0.2402
3924,3.530732,0,246,53,-0.2378,-0.2402
3925,3.531632,0,246,53,-0.2378,-0.2402
3926,3.532532,0,246,53,-0.2378,0.0000
3927,3.533432,0,246,53,-0.2378,0.0000
3928,3.534332,0,246,53,-0.2378,0.0000
3929,3.535232,0,246,53,-0.2378,0.0000
3930,3.536132,0,246,53,-0.2378,0.0000
3931,3.537032,0,246,53,-0.2378,0.0000
3932,3.537932,0,246,53,-0.2378,0.0000
3933,3.538832,0,246,53,-0.2378,0.0000
3934,3.539732,0,247,53,-0.2378,0.0000
3935,3.540632,0,247,53,-0.2378,0.0000
3936,3.541532,0,247,53,-0.2378,0.0000
3937,3.542433,0,247,53,-0.2378,0.0000
3938,3.543333,0,247,53,-0.2378,0.0000
3939,3.544233,0,247,53,-0.2378,0.0000
3940,3.545133,0,247,53,-0.2378,0.0000
3941,3.546033,0,247,53,-0.2378,0.0000
3942,3.546933,0,247,53,-0.2378,0.0000
3943,3.547833,0,247,53,-0.2378,0.0000
3944,3.548733,0,247,53,-0.2378,0.0000
3945,3.549633,0,247,53,-0.2378,0.0000
3946,3.550533,0,247,53,-0.2378,0.0000
3947,3.551433,0,247,53,-0.2378,0.0000
3948,3.552333,0,247,53,-0.2378,0.0000
3949,3.553233,0,247,53,-0.2378,0.0000
3950,3.554133,0,247,53,-0.2378,0.0000
3951,3.555033,0,247,53,-0.2378,0.0000
3952,3.555933,0,249,53,-0.2378,0.0000
3953,3.556833,0,249,53,-0.2378,0.0000
3954,3.557733,0,249,53,-0.2378,0.0000
3955,3.558633,0,249,53,-0.2378,0.0000
3956,3.559533,0,249,53,-0.2378,0.0000
3957,3.560433,0,249,53,-0.2378,0.0000
3958,3.561333,0,249,53,-0.2378,0.0000
3959,3.562233,0,249,53,-0.2378,0.0000
3960,3.563133,0,249,53,-0.2378,0.0000
3961,3.564033,0,249,53,-0.2378,0.0000
3962,3.564933,0,249,53,-0.2378,0.0000
3963,3.565833,0,249,53,-0.2378,0.0000
3964,3.566733,0,249,53,-0.2378,0.0000
3965,3.567633,0,249,54,-0.2259,0.2402
3966,3.568533,0,249,54,-0.2259,0.2402
3967,3.569433,0,249,54,-0.2259,0.2402
3968,3.570333,0,249,54,-0.2259,0.2402
3969,3.571233,0,249,54,-0.2259,0.2402
3970,3.572133,0,249,54,-0.2259,0.2402
3971,3.573033,0,249,54,-0.2259,0.2402
3972,3.573933,0,249,54,-0.2259,0.2402
3973,3.574833,0,249,54,-0.2259,0.2402
3974,3.575733,0,249,54,-0.2259,0.2402
3975,3.576633,0,249,54,-0.2259,0.2402
3976,3.577533,0,249,54,-0.2259,0.2402
3977,3.578433,0,249,54,-0.2259,0.2402
3978,3.579333,0,249,54,-0.2259,0.2402
3979,3.580233,0,249,54,-0.2259,0.2402
3980,3.581133,0,249,54,-0.2259,0.2402
3981,3.582033,0,249,54,-0.2259,0.2402
3982,3.582933,0,249,54,-0.2259,0.2402
3983,3.583833,0,249,54,-0.2259,0.2402
3984,3.584733,0,249,54,-0.2259,0.2402
3985,3.585633,0,249,54,-0.2259,0.2402
3986,3.586533,0,249,54,-0.2259,0.2402
3987,3.587433,0,249,54,-0.2259,0.2402
3988,3.588333,0,249,54,-0.2259,0.2402
3989,3.589233,0,249,54,-0.2259,0.2402
3990,3.590133,0,249,54,-0.2259,0.2402
3991,3.591033,0,249,54,-0.2259,0.2402
3992,3.591933,0,249,54,-0.2259,0.2402
3993,3.592833,0,249,54,-0.2259,0.2402
3994,3.593733,0,249,54,-0.2259,0.2402
3995,3.594633,0,249,54,-0.2259,0.2402
3996,3.595533,0,249,54,-0.2259,0.2402
3997,3.596433,0,249,54,-0.2259,0.2402
3998,3.597333,0,249,54,-0.2259,0.2402
3999,3.598233,0,249,54,-0.2259,0.2402
4000,3.599133,0,249,54,-0.2259,0.2402
4001,3.600033,0,249,54,-0.2259,0.2402
4002,3.600933,0,250,54,-0.2259,0.2402
4003,3.601833,0,250,54,-0.2259,0.2402
4004,3.602733,0,250,54,-0.2259,0.2402
4005,3.603633,0,250,54,-0.2259,0.2402
4006,3.604533,0,250,54,-0.2259,0.2402
4007,3.605433,0,250,54,-0.2259,0.2402
4008,3.606332,0,250,54,-0.2259,0.2402
4009,3.607233,0,250,54,-0.2259,0.2402
4010,3.608133,0,250,54,-0.2259,0.2402
4011,3.609033,0,250,54,-0.2259,0.2402
4012,3.609933,0,250,54,-0.2259,0.2402
4013,3.610833,0,250,54,-0.2259,0.2402
4014,3.611733,0,250,54,-0.2259,0.2402
4015,3.612633,0,250,54,-0.2259,0.2402
4016,3.613533,0,250,54,-0.2259,0.2402
4017,3.614433,0,250,54,-0.2259,0.2402
4018,3.615333,0,250,54,-0.2259,0.2402
4019,3.616233,0,250,54,-0.2259,0.2402
4020,3.617132,0,253,54,-0.2259,0.0000
4021,3.618032,0,253,54,-0.2259,0.0000
4022,3.618932,0,253,54,-0.2259,0.0000
4023,3.619832,0,253,54,-0.2259,0.0000
4024,3.620733,0,253,54,-0.2259,0.0000
4025,3.621633,0,253,54,-0.2259,0.0000
4026,3.622534,0,253,54,-0.2259,0.0000
4027,3.623434,0,253,54,-0.2259,0.0000
4028,3.624334,0,253,54,-0.2259,0.0000
4029,3.625234,0,253,54,-0.2259,0.0000
4030,3.626134,0,253,54,-0.2259,0.0000
4031,3.627033,0,253,54,-0.2259,0.0000
4032,3.627934,0,253,54,-0.2259,0.0000
4033,3.628833,0,253,54,-0.2259,0.0000
4034,3.629733,0,253,54,-0.2259,0.0000
4035,3.630633,0,253,54,-0.2259,0.0000
4036,3.631533,0,253,54,-0.2259,0.0000
4037,3.632433,0,253,54,-0.2259,0.0000
4038,3.633333,0,253,54,-0.2259,0.0000
4039,3.634233,0,253,54,-0.2259,0.0000
4040,3.635133,0,253,54,-0.2259,0.0000
4041,3.636033,0,253,54,-0.2259,0.0000
4042,3.636933,0,253,54,-0.2259,0.0000
4043,3.637833,0,253,54,-0.2259,0.0000
4044,3.638734,0,253,54,-0.2259,0.0000
4045,3.639633,0,253,54,-0.2259,0.0000
4046,3.640533,0,253,54,-0.2259,0.0000
4047,3.641433,0,253,54,-0.2259,0.0000
4048,3.642333,0,253,54,-0.2259,0.0000
4049,3.643233,0,253,54,-0.2259,0.0000
4050,3.644133,0,253,54,-0.2259,0.0000
4051,3.645033,0,253,54,-0.2259,0.0000
4052,3.645933,0,253,54,-0.2259,0.0000
4053,3.646833,0,253,54,-0.2259,0.0000
4054,3.647733,0,253,54,-0.2259,0.0000
4055,3.648633,0,253,54,-0.2259,0.0000
4056,3.649533,0,253,54,-0.2259,0.0000
4057,3.650433,0,253,54,-0.2259,0.0000
4058,3.651333,0,253,54,-0.2259,0.0000
4059,3.652233,0,253,54,-0.2259,0.0000
4060,3.653133,0,253,54,-0.2259,0.0000
4061,3.654033,0,253,54,-0.2259,0.0000
4062,3.654933,0,253,54,-0.2259,0.0000
4063,3.655833,0,253,54,-0.2259,0.0000
4064,3.656733,0,253,54,-0.2259,0.0000
4065,3.657633,0,253,54,-0.2259,0.0000
4066,3.658533,0,253,54,-0.2259,0.0000
4067,3.659433,0,253,54,-0.2259,0.0000
4068,3.660333,0,253,54,-0.2259,0.0000
4069,3.661233,0,253,54,-0.2259,0.0000
4070,3.662133,0,253,54,-0.2259,0.0000
4071,3.663033,0,253,54,-0.2259,0.0000
4072,3.663933,0,253,54,-0.2259,0.0000
4073,3.664833,0,254,54,-0.2259,0.0000
4074,3.665733,0,254,54,-0.2259,0.0000
4075,3.666633,0,254,54,-0.2259,0.0000
4076,3.667533,0,254,54,-0.2259,0.0000
4077,3.668433,0,254,54,-0.2259,0.0000
4078,3.669333,0,254,54,-0.2259,0.0000
4079,3.670233,0,254,54,-0.2259,0.0000
4080,3.671133,0,254,54,-0.2259,0.0000
4081,3.672033,0,254,54,-0.2259,0.0000
4082,3.672933,0,254,54,-0.2259,0.0000
4083,3.673833,0,254,54,-0.2259,0.0000
4084,3.674733,0,254,54,-0.2259,0.0000
4085,3.675633,0,254,54,-0.2259,0.0000
4086,3.676533,0,254,54,-0.2259,0.0000
4087,3.677433,0,254,54,-0.2259,0.0000
4088,3.678333,0,254,54,-0.2259,0.0000
4089,3.679233,0,257,54,-0.2259,0.0000
4090,3.680133,0,257,54,-0.2259,0.0000
4091,3.681033,0,257,54,-0.2259,0.0000
4092,3.681933,0,257,54,-0.2259,0.0000
4093,3.682833,0,257,54,-0.2259,0.0000
4094,3.683733,0,257,54,-0.2259,0.0000
4095,3.684633,0,257,54,-0.2259,0.0000
4096,3.685533,0,257,54,-0.2259,0.0000
4097,3.686433,0,257,54,-0.2259,0.0000
4098,3.687333,0,257,54,-0.2259,0.0000
4099,3.688233,0,257,54,-0.2259,0.0000
4100,3.689133,0,257,54,-0.2259,0.0000
4101,3.690033,0,257,54,-0.2259,0.0000
4102,3.690933,0,257,54,-0.2259,0.0000
4103,3.691833,0,257,54,-0.2259,0.0000
4104,3.692733,0,257,54,-0.2259,0.0000
4105,3.693633,0,257,54,-0.2259,0.0000
4106,3.694533,0,257,54,-0.2259,0.0000
4107,3.695433,0,257,54,-0.2259,0.0000
4108,3.696333,0,257,54,-0.2259,0.0000
4109,3.697233,0,257,54,-0.2259,0.0000
4110,3.698134,0,257,54,-0.2259,0.0000
4111,3.699034,0,257,54,-0.2259,0.0000
4112,3.699934,0,257,54,-0.2259,0.0000
4113,3.700834,0,257,54,-0.2259,0.0000
4114,3.701734,0,257,54,-0.2259,0.0000
4115,3.702634,0,257,54,-0.2259,0.0000
4116,3.703534,0,257,54,-0.2259,0.0000
4117,3.704434,0,257,54,-0.2259,0.0000
4118,3.705334,0,257,54,-0.2259,0.0000
4119,3.706234,0,257,54,-0.2259,0.0000
4120,3.707134,0,257,54,-0.2259,0.0000
4121,3.708034,0,257,54,-0.2259,0.0000
4122,3.708934,0,257,54,-0.2259,0.0000
4123,3.709834,0,257,54,-0.2259,0.0000
4124,3.710734,0,257,54,-0.2259,0.0000
4125,3.711634,0,257,54,-0.2259,0.0000
4126,3.712534,0,257,54,-0.2259,0.0000
4127,3.713434,0,257,54,-0.2259,0.0000
4128,3.714334,0,257,54,-0.2259,0.0000
4129,3.715234,0,257,54,-0.2259,0.0000
4130,3.716134,0,257,54,-0.2259,0.0000
4131,3.717034,0,257,54,-0.2259,0.0000
4132,3.717934,0,257,54,-0.2259,0.0000
4133,3.718834,0,257,54,-0.2259,0.0000
4134,3.719734,0,257,54,-0.2259,0.0000
4135,3.720634,0,257,54,-0.2259,0.0000
4136,3.721534,0,257,54,-0.2259,0.0000
4137,3.722434,0,257,53,-0.2378,-0.2402
4138,3.723334,0,257,53,-0.2378,-0.2402
4139,3.724234,0,257,53,-0.2378,-0.2402
4140,3.725134,0,257,53,-0.2378,-0.2402
4141,3.726034,0,258,53,-0.2378,-0.2402
4142,3.726934,0,258,53,-0.2378,-0.2402
4143,3.727834,0,258,53,-0.2378,-0.2402
4144,3.728734,0,258,53,-0.2378,-0.2402
4145,3.729634,0,258,53,-0.2378,-0.2402
4146,3.730534,0,258,53,-0.2378,-0.2402
4147,3.731434,0,258,53,-0.2378,-0.2402
4148,3.732334,0,258,53,-0.2378,-0.2402
4149,3.733234,0,258,53,-0.2378,-0.2402
4150,3.734134,0,258,53,-0.2378,-0.2402
4151,3.735034,0,258,53,-0.2378,-0.2402
4152,3.735934,0,258,53,-0.2378,-0.2402
4153,3.736834,0,258,53,-0.2378,-0.2402
4154,3.737734,0,258,53,-0.2378,-0.2402
4155,3.738634,0,258,53,-0.2378,-0.2402
4156,3.739534,0,258,53,-0.2378,-0.2402
4157,3.740434,0,261,53,-0.2378,-0.2402
4158,3.741334,0,261,53,-0.2378,-0.2402
4159,3.742234,0,261,53,-0.2378,-0.2402
4160,3.743134,0,261,53,-0.2378,-0.2402
4161,3.744034,0,261,53,-0.2378,-0.2402
4162,3.744934,0,261,53,-0.2378,-0.2402
4163,3.745834,0,261,53,-0.2378,-0.2402
4164,3.746734,0,261,53,-0.2378,-0.2402
4165,3.747634,0,261,53,-0.2378,-0.2402
4166,3.748534,0,261,53,-0.2378,-0.2402
4167,3.749434,0,261,53,-0.2378,-0.2402
4168,3.750334,0,261,53,-0.2378,-0.2402
4169,3.751234,0,261,53,-0.2378,-0.2402
4170,3.752134,0,261,53,-0.2378,-0.2402
4171,3.753034,0,261,53,-0.2378,-0.2402
4172,3.753934,0,261,53,-0.2378,-0.2402
4173,3.754834,0,261,53,-0.2378,-0.2402
4174,3.755734,0,261,53,-0.2378,-0.2402
4175,3.756634,0,261,53,-0.2378,-0.2402
4176,3.757534,0,261,53,-0.2378,-0.2402
4177,3.758434,0,261,52,-0.2497,-0.4803
4178,3.759334,0,261,52,-0.2497,-0.4803
4179,3.760234,0,261,52,-0.2497,-0.4803
4180,3.761134,0,261,52,-0.2497,-0.4803
4181,3.762034,0,261,52,-0.2497,-0.4803
4182,3.762934,0,261,52,-0.2497,-0.4803
4183,3.763834,0,261,52,-0.2497,-0.4803
4184,3.764734,0,261,52,-0.2497,-0.4803
4185,3.765634,0,261,52,-0.2497,-0.4803
4186,3.766534,0,261,52,-0.2497,-0.4803
4187,3.767434,0,261,52,-0.2497,-0.4803
4188,3.768334,0,261,52,-0.2497,-0.4803
4189,3.769234,0,261,52,-0.2497,-0.4803
4190,3.770134,0,261,52,-0.2497,-0.4803
4191,3.771034,0,261,52,-0.2497,-0.4803
4192,3.771934,0,261,52,-0.2497,-0.2402
4193,3.772834,0,261,52,-0.2497,-0.2402
4194,3.773734,0,261,52,-0.2497,-0.2402
4195,3.774634,0,261,52,-0.2497,-0.2402
4196,3.775535,0,261,52,-0.2497,-0.2402
4197,3.776435,0,261,52,-0.2497,-0.2402
4198,3.777335,0,261,52,-0.2497,-0.2402
4199,3.778235,0,261,52,-0.2497,-0.2402
4200,3.779135,0,261,52,-0.2497,-0.2402
4201,3.780035,0,261,52,-0.2497,-0.2402
4202,3.780935,0,261,52,-0.2497,-0.2402
4203,3.781835,0,261,52,-0.2497,-0.2402
4204,3.782735,0,261,52,-0.2497,-0.2402
4205,3.783635,0,261,52,-0.2497,-0.2402
4206,3.784535,0,261,52,-0.2497,-0.2402
4207,3.785435,0,261,52,-0.2497,-0.2402
4208,3.786335,0,261,52,-0.2497,-0.2402
4209,3.787235,0,261,52,-0.2497,-0.2402
4210,3.788135,0,261,52,-0.2497,-0.2402
4211,3.789035,0,261,52,-0.2497,-0.2402
4212,3.789935,0,261,52,-0.2497,-0.2402
4213,3.790835,0,261,52,-0.2497,-0.2402
4214,3.791735,0,261,52,-0.2497,-0.2402
4215,3.792635,0,261,52,-0.2497,-0.2402
4216,3.793535,0,261,52,-0.2497,-0.2402
4217,3.794435,0,261,52,-0.2497,-0.2402
4218,3.795335,0,261,52,-0.2497,-0.2402
4219,3.796235,0,261,52,-0.2497,-0.2402
4220,3.797135,0,261,52,-0.2497,-0.2402
4221,3.798035,0,261,52,-0.2497,-0.2402
4222,3.798935,0,261,52,-0.2497,-0.2402
4223,3.799835,0,261,52,-0.2497,-0.2402
4224,3.800735,0,261,52,-0.2497,-0.2402
4225,3.801635,0,261,52,-0.2497,-0.2402
4226,3.802535,0,264,52,-0.2497,-0.2402
4227,3.803435,0,264,52,-0.2497,-0.2402
4228,3.804335,0,264,52,-0.2497,-0.2402
4229,3.805235,0,264,52,-0.2497,-0.2402
4230,3.806135,0,264,52,-0.2497,-0.2402
4231,3.807035,0,264,52,-0.2497,-0.2402
4232,3.807935,0,264,52,-0.2497,0.0000
4233,3.808835,0,264,52,-0.2497,0.0000
4234,3.809735,0,264,52,-0.2497,0.0000
4235,3.810635,0,264,52,-0.2497,0.0000
4236,3.811535,0,264,52,-0.2497,0.0000
4237,3.812435,0,264,52,-0.2497,0.0000
4238,3.813335,0,264,52,-0.2497,0.0000
4239,3.814235,0,264,52,-0.2497,0.0000
4240,3.815135,0,264,52,-0.2497,0.0000
4241,3.816035,0,264,52,-0.2497,0.0000
4242,3.816935,0,264,52,-0.2497,0.0000
4243,3.817835,0,264,52,-0.2497,0.0000
4244,3.818735,0,264,52,-0.2497,0.0000
4245,3.819635,0,264,52,-0.2497,0.0000
4246,3.820535,0,264,52,-0.2497,0.0000
4247,3.821435,0,264,52,-0.2497,0.0000
4248,3.822335,0,264,52,-0.2497,0.0000
4249,3.823235,0,264,52,-0.2497,0.0000
4250,3.824135,0,264,52,-0.2497,0.0000
4251,3.825035,0,264,52,-0.2497,0.0000
4252,3.825935,0,264,52,-0.2497,0.0000
4253,3.826835,0,264,52,-0.2497,0.0000
4254,3.827735,0,264,52,-0.2497,0.0000
4255,3.828635,0,264,52,-0.2497,0.0000
4256,3.829535,0,264,52,-0.2497,0.0000
4257,3.830435,0,264,52,-0.2497,0.0000
4258,3.831335,0,264,52,-0.2497,0.0000
4259,3.832235,0,264,52,-0.2497,0.0000
4260,3.833135,0,264,52,-0.2497,0.0000
4261,3.834035,0,264,52,-0.2497,0.0000
4262,3.834935,0,264,52,-0.2497,0.0000
4263,3.835835,0,264,52,-0.2497,0.0000
4264,3.836735,0,264,52,-0.2497,0.0000
4265,3.837635,0,264,52,-0.2497,0.0000
4266,3.838535,0,264,52,-0.2497,0.0000
4267,3.839435,0,264,52,-0.2497,0.0000
4268,3.840335,0,264,52,-0.2497,0.0000
4269,3.841235,0,264,52,-0.2497,0.0000
4270,3.842135,0,264,52,-0.2497,0.0000
4271,3.843035,0,264,52,-0.2497,0.0000
4272,3.843935,0,264,52,-0.2497,0.0000
4273,3.844835,0,264,52,-0.2497,0.0000
4274,3.845735,0,264,52,-0.2497,0.0000
4275,3.846635,0,264,52,-0.2497,0.0000
4276,3.847535,0,264,52,-0.2497,0.0000
4277,3.848435,0,264,52,-0.2497,0.0000
4278,3.849335,0,265,52,-0.2497,0.0000
4279,3.850235,0,265,52,-0.2497,0.0000
4280,3.851135,0,265,52,-0.2497,0.0000
4281,3.852035,0,265,52,-0.2497,0.0000
4282,3.852936,0,265,52,-0.2497,0.0000
4283,3.853836,0,265,52,-0.2497,0.0000
4284,3.854736,0,265,52,-0.2497,0.0000
4285,3.855636,0,265,52,-0.2497,0.0000
4286,3.856536,0,265,52,-0.2497,0.0000
4287,3.857436,0,265,52,-0.2497,0.0000
4288,3.858336,0,265,52,-0.2497,0.0000
4289,3.859236,0,265,52,-0.2497,0.0000
4290,3.860136,0,265,52,-0.2497,0.0000
4291,3.861036,0,265,52,-0.2497,0.0000
4292,3.861936,0,265,53,-0.2378,0.2402
4293,3.862836,0,265,53,-0.2378,0.2402
4294,3.863736,0,268,53,-0.2378,0.2402
4295,3.864636,0,268,53,-0.2378,0.2402
4296,3.865536,0,268,53,-0.2378,0.2402
4297,3.866436,0,268,53,-0.2378,0.2402
4298,3.867336,0,268,53,-0.2378,0.2402
4299,3.868236,0,268,53,-0.2378,0.2402
4300,3.869136,0,268,53,-0.2378,0.2402
4301,3.870036,0,268,53,-0.2378,0.2402
4302,3.870936,0,268,53,-0.2378,0.2402
4303,3.871836,0,268,53,-0.2378,0.2402
4304,3.872736,0,268,53,-0.2378,0.2402
4305,3.873636,0,268,53,-0.2378,0.2402
4306,3.874536,0,268,53,-0.2378,0.2402
4307,3.875436,0,268,53,-0.2378,0.2402
4308,3.876336,0,268,53,-0.2378,0.2402
4309,3.877236,0,268,53,-0.2378,0.2402
4310,3.878136,0,268,53,-0.2378,0.2402
4311,3.879036,0,268,53,-0.2378,0.2402
4312,3.879936,0,268,53,-0.2378,0.2402
4313,3.880836,0,268,53,-0.2378,0.2402
4314,3.881736,0,268,53,-0.2378,0.2402
4315,3.882636,0,268,53,-0.2378,0.2402
4316,3.883536,0,268,53,-0.2378,0.2402
4317,3.884436,0,268,53,-0.2378,0.2402
4318,3.885336,0,268,53,-0.2378,0.2402
4319,3.886236,0,268,53,-0.2378,0.2402
4320,3.887136,0,268,53,-0.2378,0.2402
4321,3.888035,0,268,53,-0.2378,0.2402
4322,3.888935,0,268,53,-0.2378,0.2402
4323,3.889836,0,268,53,-0.2378,0.2402
4324,3.890736,0,268,53,-0.2378,0.2402
4325,3.891636,0,268,53,-0.2378,0.2402
4326,3.892536,0,268,53,-0.2378,0.2402
4327,3.893436,0,268,53,-0.2378,0.2402
4328,3.894336,0,268,53,-0.2378,0.2402
4329,3.895236,0,268,53,-0.2378,0.2402
4330,3.896136,0,268,53,-0.2378,0.2402
4331,3.897036,0,268,53,-0.2378,0.2402
4332,3.897936,0,268,53,-0.2378,0.2402
4333,3.898835,0,268,53,-0.2378,0.2402
4334,3.899735,0,268,53,-0.2378,0.2402
4335,3.900635,0,268,53,-0.2378,0.2402
4336,3.901535,0,268,53,-0.2378,0.2402
4337,3.902435,0,268,53,-0.2378,0.2402
4338,3.903335,0,268,53,-0.2378,0.2402
4339,3.904235,0,268,53,-0.2378,0.2402
4340,3.905135,0,268,53,-0.2378,0.2402
4341,3.906035,0,268,53,-0.2378,0.2402
4342,3.906935,0,268,53,-0.2378,0.2402
4343,3.907835,0,268,54,-0.2259,0.4803
4344,3.908735,0,268,54,-0.2259,0.4803
4345,3.909635,0,269,54,-0.2259,0.4803
4346,3.910535,0,269,54,-0.2259,0.4803
4347,3.911435,0,269,54,-0.2259,0.2402
4348,3.912335,0,269,54,-0.2259,0.2402
4349,3.913235,0,269,54,-0.2259,0.2402
4350,3.914135,0,269,54,-0.2259,0.2402
4351,3.915035,0,269,54,-0.2259,0.2402
4352,3.915935,0,269,54,-0.2259,0.2402
4353,3.916835,0,269,54,-0.2259,0.2402
4354,3.917735,0,269,54,-0.2259,0.2402
4355,3.918635,0,269,54,-0.2259,0.2402
4356,3.919535,0,269,54,-0.2259,0.2402
4357,3.920435,0,269,54,-0.2259,0.2402
4358,3.921335,0,269,54,-0.2259,0.2402
4359,3.922235,0,269,54,-0.2259,0.2402
4360,3.923135,0,269,54,-0.2259,0.2402
4361,3.924035,0,269,54,-0.2259,0.2402
4362,3.924935,0,272,54,-0.2259,0.2402
4363,3.925835,0,272,54,-0.2259,0.2402
4364,3.926735,0,272,54,-0.2259,0.2402
4365,3.927635,0,272,54,-0.2259,0.2402
4366,3.928535,0,272,54,-0.2259,0.2402
4367,3.929435,0,272,54,-0.2259,0.2402
4368,3.930335,0,272,54,-0.2259,0.2402
4369,3.931236,0,272,54,-0.2259,0.2402
4370,3.932136,0,272,54,-0.2259,0.2402
4371,3.933036,0,272,54,-0.2259,0.2402
4372,3.933936,0,272,54,-0.2259,0.2402
4373,3.934836,0,272,54,-0.2259,0.2402
4374,3.935736,0,272,54,-0.2259,0.2402
4375,3.936636,0,272,54,-0.2259,0.2402
4376,3.937536,0,272,54,-0.2259,0.2402
4377,3.938436,0,272,54,-0.2259,0.2402
4378,3.939336,0,272,54,-0.2259,0.2402
4379,3.940236,0,272,54,-0.2259,0.2402
4380,3.941136,0,272,54,-0.2259,0.2402
4381,3.942036,0,272,54,-0.2259,0.2402
4382,3.942936,0,272,54,-0.2259,0.2402
4383,3.943836,0,272,54,-0.2259,0.2402
4384,3.944736,0,272,54,-0.2259,0.2402
4385,3.945636,0,272,54,-0.2259,0.2402
4386,3.946536,0,272,54,-0.2259,0.2402
4387,3.947436,0,272,54,-0.2259,0.2402
4388,3.948336,0,272,54,-0.2259,0.2402
4389,3.949236,0,272,54,-0.2259,0.2402
4390,3.950136,0,272,54,-0.2259,0.2402
4391,3.951036,0,272,54,-0.2259,0.2402
4392,3.951936,0,272,54,-0.2259,0.2402
4393,3.952836,0,272,54,-0.2259,0.2402
4394,3.953736,0,272,54,-0.2259,0.2402
4395,3.954636,0,272,54,-0.2259,0.2402
4396,3.955536,0,272,54,-0.2259,0.2402
4397,3.956436,0,272,54,-0.2259,0.2402
4398,3.957336,0,272,54,-0.2259,0.0000
4399,3.958236,0,272,54,-0.2259,0.0000
4400,3.959136,0,272,54,-0.2259,0.0000
4401,3.960036,0,272,54,-0.2259,0.0000
4402,3.960936,0,272,54,-0.2259,0.0000
4403,3.961836,0,272,54,-0.2259,0.0000
4404,3.962736,0,272,54,-0.2259,0.0000
4405,3.963636,0,272,54,-0.2259,0.0000
4406,3.964536,0,272,54,-0.2259,0.0000
4407,3.965436,0,272,54,-0.2259,0.0000
4408,3.966336,0,272,54,-0.2259,0.0000
4409,3.967236,0,272,54,-0.2259,0.0000
4410,3.968136,0,272,54,-0.2259,0.0000
4411,3.969036,0,272,54,-0.2259,0.0000
4412,3.969936,0,272,54,-0.2259,0.0000
4413,3.970836,0,272,54,-0.2259,0.0000
4414,3.971736,0,272,54,-0.2259,0.0000
4415,3.972636,0,273,54,-0.2259,0.0000
4416,3.973536,0,273,54,-0.2259,0.0000
4417,3.974436,0,273,54,-0.2259,0.0000
4418,3.975336,0,273,54,-0.2259,0.0000
4419,3.976236,0,273,54,-0.2259,0.0000
4420,3.977136,0,273,54,-0.2259,0.0000
4421,3.978036,0,273,54,-0.2259,0.0000
4422,3.978936,0,273,54,-0.2259,0.0000
4423,3.979836,0,273,54,-0.2259,0.0000
4424,3.980736,0,273,54,-0.2259,0.0000
4425,3.981636,0,273,54,-0.2259,0.0000
4426,3.982536,0,273,54,-0.2259,0.0000
4427,3.983436,0,273,54,-0.2259,0.0000
4428,3.984336,0,273,54,-0.2259,0.0000
4429,3.985236,0,273,54,-0.2259,0.0000
4430,3.986136,0,273,54,-0.2259,0.0000
4431,3.987036,0,275,54,-0.2259,0.0000
4432,3.987936,0,275,54,-0.2259,0.0000
4433,3.988836,0,275,54,-0.2259,0.0000
4434,3.989736,0,275,54,-0.2259,0.0000
4435,3.990636,0,275,54,-0.2259,0.0000
4436,3.991536,0,275,54,-0.2259,0.0000
4437,3.992436,0,275,54,-0.2259,0.0000
4438,3.993336,0,275,54,-0.2259,0.0000
4439,3.994236,0,275,54,-0.2259,0.0000
4440,3.995136,0,275,54,-0.2259,0.0000
4441,3.996036,0,275,54,-0.2259,0.0000
4442,3.996936,0,275,54,-0.2259,0.0000
4443,3.997836,0,275,54,-0.2259,0.0000
4444,3.998736,0,275,54,-0.2259,0.0000
4445,3.999636,0,275,54,-0.2259,0.0000
4446,4.000536,0,275,54,-0.2259,0.0000
4447,4.001436,0,275,54,-0.2259,0.0000
4448,4.002336,0,275,54,-0.2259,0.0000
4449,4.003236,0,275,54,-0.2259,0.0000
4450,4.004136,0,275,54,-0.2259,0.0000
4451,4.005036,0,275,54,-0.2259,0.0000
4452,4.005936,0,275,54,-0.2259,0.0000
4453,4.006836,0,275,54,-0.2259,0.0000
4454,4.007736,0,275,54,-0.2259,0.0000
4455,4.008636,0,275,54,-0.2259,0.0000
4456,4.009537,0,275,54,-0.2259,0.0000
4457,4.010437,0,275,54,-0.2259,0.0000
4458,4.011337,0,275,54,-0.2259,0.0000
4459,4.012237,0,275,54,-0.2259,0.0000
4460,4.013137,0,275,54,-0.2259,0.0000
4461,4.014037,0,275,54,-0.2259,0.0000
4462,4.014937,0,275,54,-0.2259,0.0000
4463,4.015837,0,275,54,-0.2259,0.0000
4464,4.016737,0,275,54,-0.2259,0.0000
4465,4.017637,0,275,54,-0.2259,0.0000
4466,4.018537,0,275,54,-0.2259,0.0000
4467,4.019437,0,275,54,-0.2259,0.0000
4468,4.020337,0,275,54,-0.2259,0.0000
4469,4.021237,0,275,54,-0.2259,0.0000
4470,4.022137,0,275,54,-0.2259,0.0000
4471,4.023037,0,275,54,-0.2259,0.0000
4472,4.023937,0,275,55,-0.2140,0.2402
4473,4.024837,0,275,55,-0.2140,0.2402
4474,4.025737,0,275,55,-0.2140,0.2402
4475,4.026637,0,275,55,-0.2140,0.2402
4476,4.027537,0,275,55,-0.2140,0.2402
4477,4.028437,0,275,55,-0.2140,0.2402
4478,4.029337,0,275,55,-0.2140,0.2402
4479,4.030237,0,275,55,-0.2140,0.2402
4480,4.031137,0,275,55,-0.2140,0.2402
4481,4.032037,0,275,55,-0.2140,0.2402
4482,4.032937,0,275,55,-0.2140,0.2402
4483,4.033837,0,276,55,-0.2140,0.2402
4484,4.034737,0,276,55,-0.2140,0.2402
4485,4.035637,0,276,55,-0.2140,0.2402
4486,4.036537,0,276,55,-0.2140,0.2402
4487,4.037437,0,276,55,-0.2140,0.2402
4488,4.038337,0,276,55,-0.2140,0.2402
4489,4.039237,0,276,55,-0.2140,0.2402
4490,4.040137,0,276,55,-0.2140,0.2402
4491,4.041037,0,276,55,-0.2140,0.2402
4492,4.041937,0,276,55,-0.2140,0.2402
4493,4.042837,0,276,55,-0.2140,0.2402
4494,4.043737,0,276,55,-0.2140,0.2402
4495,4.044637,0,276,55,-0.2140,0.2402
4496,4.045537,0,276,55,-0.2140,0.2402
4497,4.046437,0,276,55,-0.2140,0.2402
4498,4.047337,0,276,55,-0.2140,0.2402
4499,4.048237,0,276,55,-0.2140,0.2402
4500,4.049137,0,279,55,-0.2140,0.2402
4501,4.050037,0,279,55,-0.2140,0.2402
4502,4.050937,0,279,55,-0.2140,0.2402
4503,4.051837,0,279,55,-0.2140,0.2402
4504,4.052737,0,279,55,-0.2140,0.2402
4505,4.053637,0,279,55,-0.2140,0.2402
4506,4.054537,0,279,55,-0.2140,0.2402
4507,4.055437,0,279,55,-0.2140,0.2402
4508,4.056337,0,279,55,-0.2140,0.2402
4509,4.057237,0,279,55,-0.2140,0.2402
4510,4.058137,0,279,55,-0.2140,0.2402
4511,4.059037,0,279,55,-0.2140,0.2402
4512,4.059937,0,279,55,-0.2140,0.2402
4513,4.060837,0,279,55,-0.2140,0.2402
4514,4.061737,0,279,55,-0.2140,0.2402
4515,4.062637,0,279,55,-0.2140,0.2402
4516,4.063537,0,279,55,-0.2140,0.2402
4517,4.064437,0,279,55,-0.2140,0.2402
4518,4.065337,0,279,55,-0.2140,0.2402
4519,4.066237,0,279,55,-0.2140,0.2402
4520,4.067137,0,279,55,-0.2140,0.2402
4521,4.068037,0,279,55,-0.2140,0.2402
4522,4.068937,0,279,55,-0.2140,0.2402
4523,4.069837,0,279,55,-0.2140,0.2402
4524,4.070737,0,279,55,-0.2140,0.2402
4525,4.071637,0,279,55,-0.2140,0.2402
4526,4.072537,0,279,55,-0.2140,0.2402
4527,4.073437,0,279,55,-0.2140,0.0000
4528,4.074337,0,279,55,-0.2140,0.0000
4529,4.075237,0,279,55,-0.2140,0.0000
4530,4.076137,0,279,55,-0.2140,0.0000
4531,4.077037,0,279,55,-0.2140,0.0000
4532,4.077937,0,279,55,-0.2140,0.0000
4533,4.078837,0,279,55,-0.2140,0.0000
4534,4.079737,0,279,55,-0.2140,0.0000
4535,4.080637,0,279,55,-0.2140,0.0000
4536,4.081537,0,279,55,-0.2140,0.0000
4537,4.082437,0,279,55,-0.2140,0.0000
4538,4.083337,0,279,55,-0.2140,0.0000
4539,4.084237,0,279,55,-0.2140,0.0000
4540,4.085137,0,279,55,-0.2140,0.0000
4541,4.086037,0,279,55,-0.2140,0.0000
4542,4.086938,0,279,55,-0.2140,0.0000
4543,4.087838,0,279,55,-0.2140,0.0000
4544,4.088738,0,279,55,-0.2140,0.0000
4545,4.089638,0,279,55,-0.2140,0.0000
4546,4.090538,0,279,55,-0.2140,0.0000
4547,4.091438,0,279,55,-0.2140,0.0000
4548,4.092338,0,279,55,-0.2140,0.0000
4549,4.093238,0,279,55,-0.2140,0.0000
4550,4.094138,0,280,55,-0.2140,0.0000
4551,4.095038,0,280,55,-0.2140,0.0000
4552,4.095938,0,280,55,-0.2140,0.0000
4553,4.096838,0,280,55,-0.2140,0.0000
4554,4.097738,0,280,55,-0.2140,0.0000
4555,4.098638,0,280,55,-0.2140,0.0000
4556,4.099538,0,280,55,-0.2140,0.0000
4557,4.100438,0,280,55,-0.2140,0.0000
4558,4.101338,0,280,55,-0.2140,0.0000
4559,4.102238,0,280,55,-0.2140,0.0000
4560,4.103138,0,280,55,-0.2140,0.0000
4561,4.104038,0,280,55,-0.2140,0.0000
4562,4.104938,0,280,55,-0.2140,0.0000
4563,4.105838,0,280,55,-0.2140,0.0000
4564,4.106738,0,280,55,-0.2140,0.0000
4565,4.107638,0,280,55,-0.2140,0.0000
4566,4.108538,0,280,55,-0.2140,0.0000
4567,4.109438,0,283,55,-0.2140,0.0000
4568,4.110338,0,283,55,-0.2140,0.0000
4569,4.111238,0,283,55,-0.2140,0.0000
4570,4.112138,0,283,55,-0.2140,0.0000
4571,4.113038,0,283,55,-0.2140,0.0000
4572,4.113938,0,283,55,-0.2140,0.0000
4573,4.114838,0,283,55,-0.2140,0.0000
4574,4.115738,0,283,55,-0.2140,0.0000
4575,4.116638,0,283,55,-0.2140,0.0000
4576,4.117538,0,283,55,-0.2140,0.0000
4577,4.118438,0,283,55,-0.2140,0.0000
4578,4.119338,0,283,55,-0.2140,0.0000
4579,4.120238,0,283,55,-0.2140,0.0000
4580,4.121138,0,283,55,-0.2140,0.0000
4581,4.122038,0,283,55,-0.2140,0.0000
4582,4.122938,0,283,55,-0.2140,0.0000
4583,4.123838,0,283,55,-0.2140,0.0000
4584,4.124738,0,283,55,-0.2140,0.0000
4585,4.125638,0,283,55,-0.2140,0.0000
4586,4.126538,0,283,55,-0.2140,0.0000
4587,4.127438,0,283,55,-0.2140,0.0000
4588,4.128338,0,283,55,-0.2140,0.0000
4589,4.129238,0,283,55,-0.2140,0.0000
4590,4.130138,0,283,55,-0.2140,0.0000
4591,4.131038,0,283,55,-0.2140,0.0000
4592,4.131938,0,283,55,-0.2140,0.0000
4593,4.132838,0,283,55,-0.2140,0.0000
4594,4.133738,0,283,55,-0.2140,0.0000
4595,4.134638,0,283,55,-0.2140,0.0000
4596,4.135538,0,283,55,-0.2140,0.0000
4597,4.136438,0,283,55,-0.2140,0.0000
4598,4.137338,0,283,55,-0.2140,0.0000
4599,4.138238,0,283,55,-0.2140,0.0000
4600,4.139138,0,283,55,-0.2140,0.0000
4601,4.140038,0,283,55,-0.2140,0.0000
4602,4.140938,0,283,55,-0.2140,0.0000
4603,4.141838,0,283,55,-0.2140,0.0000
4604,4.142738,0,283,55,-0.2140,0.0000
4605,4.143638,0,283,55,-0.2140,0.0000
4606,4.144538,0,283,55,-0.2140,0.0000
4607,4.145438,0,283,55,-0.2140,0.0000
4608,4.146338,0,283,55,-0.2140,0.0000
4609,4.147238,0,283,55,-0.2140,0.0000
4610,4.148138,0,283,55,-0.2140,0.0000
4611,4.149038,0,283,55,-0.2140,0.0000
4612,4.149938,0,283,55,-0.2140,0.0000
4613,4.150838,0,283,55,-0.2140,0.0000
4614,4.151738,0,283,55,-0.2140,0.0000
4615,4.152638,0,283,55,-0.2140,0.0000
4616,4.153538,0,283,55,-0.2140,0.0000
4617,4.154438,0,283,55,-0.2140,0.0000
4618,4.155338,0,283,55,-0.2140,0.0000
4619,4.156238,0,283,55,-0.2140,0.0000
4620,4.157138,0,284,55,-0.2140,0.0000
4621,4.158038,0,284,55,-0.2140,0.0000
4622,4.158938,0,284,55,-0.2140,0.0000
4623,4.159838,0,284,55,-0.2140,0.0000
4624,4.160738,0,284,55,-0.2140,0.0000
4625,4.161638,0,284,55,-0.2140,0.0000
4626,4.162538,0,284,55,-0.2140,0.0000
4627,4.163438,0,284,55,-0.2140,0.0000
4628,4.164339,0,284,55,-0.2140,0.0000
4629,4.165239,0,284,55,-0.2140,0.0000
4630,4.166139,0,284,55,-0.2140,0.0000
4631,4.167039,0,284,55,-0.2140,0.0000
4632,4.167939,0,284,55,-0.2140,0.0000
4633,4.168839,0,284,55,-0.2140,0.0000
4634,4.169738,0,284,55,-0.2140,0.0000
4635,4.170638,0,284,55,-0.2140,0.0000
4636,4.171538,0,284,55,-0.2140,0.0000
4637,4.172438,0,286,55,-0.2140,0.0000
4638,4.173338,0,286,55,-0.2140,0.0000
4639,4.174238,0,286,55,-0.2140,0.0000
4640,4.175138,0,286,55,-0.2140,0.0000
4641,4.176038,0,286,55,-0.2140,0.0000
4642,4.176938,0,286,55,-0.2140,0.0000
4643,4.177838,0,286,55,-0.2140,0.0000
4644,4.178739,0,286,55,-0.2140,0.0000
4645,4.179639,0,286,55,-0.2140,0.0000
4646,4.180539,0,286,55,-0.2140,0.0000
4647,4.181438,0,286,55,-0.2140,0.0000
4648,4.182338,0,286,55,-0.2140,0.0000
4649,4.183238,0,286,55,-0.2140,0.0000
4650,4.184138,0,286,55,-0.2140,0.0000
4651,4.185038,0,286,55,-0.2140,0.0000
4652,4.185938,0,286,55,-0.2140,0.0000
4653,4.186838,0,286,55,-0.2140,0.0000
4654,4.187738,0,286,55,-0.2140,0.0000
4655,4.188638,0,286,55,-0.2140,0.0000
4656,4.189538,0,286,55,-0.2140,0.0000
4657,4.190438,0,286,55,-0.2140,0.0000
4658,4.191338,0,286,55,-0.2140,0.0000
4659,4.192238,0,286,55,-0.2140,0.0000
4660,4.193138,0,286,55,-0.2140,0.0000
4661,4.194038,0,286,55,-0.2140,0.0000
4662,4.194938,0,286,55,-0.2140,0.0000
4663,4.195838,0,286,55,-0.2140,0.0000
4664,4.196738,0,286,55,-0.2140,0.0000
4665,4.197638,0,286,55,-0.2140,0.0000
4666,4.198538,0,286,55,-0.2140,0.0000
4667,4.199438,0,286,55,-0.2140,0.0000
4668,4.200338,0,286,55,-0.2140,0.0000
4669,4.201238,0,286,55,-0.2140,0.0000
4670,4.202138,0,286,55,-0.2140,0.0000
4671,4.203038,0,286,55,-0.2140,0.0000
4672,4.203938,0,286,55,-0.2140,0.0000
4673,4.204838,0,286,55,-0.2140,0.0000
4674,4.205738,0,286,55,-0.2140,0.0000
4675,4.206638,0,286,55,-0.2140,0.0000
4676,4.207538,0,286,55,-0.2140,0.0000
4677,4.208438,0,286,55,-0.2140,0.0000
4678,4.209338,0,286,55,-0.2140,0.0000
4679,4.210238,0,286,55,-0.2140,0.0000
4680,4.211138,0,286,55,-0.2140,0.0000
4681,4.212038,0,286,55,-0.2140,0.0000
4682,4.212938,0,286,55,-0.2140,0.0000
4683,4.213838,0,286,55,-0.2140,0.0000
4684,4.214738,0,286,55,-0.2140,0.0000
4685,4.215638,0,286,55,-0.2140,0.0000
4686,4.216538,0,286,55,-0.2140,0.0000
4687,4.217438,0,286,55,-0.2140,0.0000
4688,4.218338,0,287,55,-0.2140,0.0000
4689,4.219238,0,287,55,-0.2140,0.0000
4690,4.220138,0,287,55,-0.2140,0.0000
4691,4.221038,0,287,55,-0.2140,0.0000
4692,4.221938,0,287,55,-0.2140,0.0000
4693,4.222838,0,287,55,-0.2140,0.0000
4694,4.223738,0,287,55,-0.2140,0.0000
4695,4.224638,0,287,55,-0.2140,0.0000
4696,4.225538,0,287,55,-0.2140,0.0000
4697,4.226438,0,287,55,-0.2140,0.0000
4698,4.227338,0,287,55,-0.2140,0.0000
4699,4.228238,0,287,55,-0.2140,0.0000
4700,4.229138,0,287,55,-0.2140,0.0000
4701,4.230038,0,287,55,-0.2140,0.0000
4702,4.230938,0,287,55,-0.2140,0.0000
4703,4.231838,0,287,55,-0.2140,0.0000
4704,4.232738,0,287,55,-0.2140,0.0000
4705,4.233638,0,287,55,-0.2140,0.0000
4706,4.234538,0,290,55,-0.2140,0.0000
4707,4.235438,0,290,55,-0.2140,0.0000
4708,4.236338,0,290,55,-0.2140,0.0000
4709,4.237238,0,290,55,-0.2140,0.0000
4710,4.238138,0,290,55,-0.2140,0.0000
4711,4.239038,0,290,55,-0.2140,0.0000
4712,4.239938,0,290,55,-0.2140,0.0000
4713,4.240838,0,290,55,-0.2140,0.0000
4714,4.241738,0,290,55,-0.2140,0.0000
4715,4.242638,0,290,55,-0.2140,0.0000
4716,4.243539,0,290,55,-0.2140,0.0000
4717,4.244439,0,290,55,-0.2140,0.0000
4718,4.245339,0,290,55,-0.2140,0.0000
4719,4.246239,0,290,55,-0.2140,0.0000
4720,4.247139,0,290,55,-0.2140,0.0000
4721,4.248039,0,290,55,-0.2140,0.0000
4722,4.248939,0,290,55,-0.2140,0.0000
4723,4.249839,0,290,55,-0.2140,0.0000
4724,4.250739,0,290,55,-0.2140,0.0000
4725,4.251639,0,290,55,-0.2140,0.0000
4726,4.252539,0,290,55,-0.2140,0.0000
4727,4.253439,0,290,55,-0.2140,0.0000
4728,4.254339,0,290,55,-0.2140,0.0000
4729,4.255239,0,290,55,-0.2140,0.0000
4730,4.256139,0,290,55,-0.2140,0.0000
4731,4.257039,0,290,55,-0.2140,0.0000
4732,4.257939,0,290,55,-0.2140,0.0000
4733,4.258839,0,290,55,-0.2140,0.0000
4734,4.259739,0,290,55,-0.2140,0.0000
4735,4.260639,0,290,55,-0.2140,0.0000
4736,4.261539,0,290,55,-0.2140,0.0000
4737,4.262439,0,290,55,-0.2140,0.0000
4738,4.263339,0,290,55,-0.2140,0.0000
4739,4.264239,0,290,55,-0.2140,0.0000
4740,4.265139,0,290,55,-0.2140,0.0000
4741,4.266039,0,290,55,-0.2140,0.0000
4742,4.266939,0,290,55,-0.2140,0.0000
4743,4.267839,0,290,55,-0.2140,0.0000
4744,4.268739,0,290,55,-0.2140,0.0000
4745,4.269639,0,290,55,-0.2140,0.0000
4746,4.270539,0,290,56,-0.2021,0.2402
4747,4.271439,0,290,56,-0.2021,0.2402
4748,4.272339,0,290,56,-0.2021,0.2402
4749,4.273239,0,290,56,-0.2021,0.2402
4750,4.274139,0,290,56,-0.2021,0.2402
4751,4.275039,0,290,56,-0.2021,0.2402
4752,4.275939,0,290,56,-0.2021,0.2402
4753,4.276839,0,290,56,-0.2021,0.2402
4754,4.277739,0,290,56,-0.2021,0.2402
4755,4.278639,0,290,56,-0.2021,0.2402
4756,4.279539,0,290,56,-0.2021,0.2402
4757,4.280439,0,290,56,-0.2021,0.2402
4758,4.281339,0,291,56,-0.2021,0.2402
4759,4.282239,0,291,56,-0.2021,0.2402
4760,4.283139,0,291,56,-0.2021,0.2402
4761,4.284039,0,291,56,-0.2021,0.2402
4762,4.284939,0,291,56,-0.2021,0.2402
4763,4.285839,0,291,56,-0.2021,0.2402
4764,4.286739,0,291,56,-0.2021,0.2402
4765,4.287639,0,291,56,-0.2021,0.2402
4766,4.288539,0,291,56,-0.2021,0.2402
4767,4.289439,0,291,56,-0.2021,0.2402
4768,4.290339,0,291,56,-0.2021,0.2402
4769,4.291239,0,291,56,-0.2021,0.2402
4770,4.292139,0,291,56,-0.2021,0.2402
4771,4.293039,0,291,56,-0.2021,0.2402
4772,4.293939,0,291,56,-0.2021,0.2402
4773,4.294839,0,291,56,-0.2021,0.2402
4774,4.295739,0,291,56,-0.2021,0.2402
4775,4.296639,0,294,56,-0.2021,0.2402
4776,4.297539,0,294,56,-0.2021,0.2402
4777,4.298439,0,294,56,-0.2021,0.2402
4778,4.299339,0,294,56,-0.2021,0.2402
4779,4.300239,0,294,56,-0.2021,0.2402
4780,4.301139,0,294,56,-0.2021,0.2402
4781,4.302039,0,294,56,-0.2021,0.2402
4782,4.302939,0,294,56,-0.2021,0.2402
4783,4.303839,0,294,56,-0.2021,0.2402
4784,4.304739,0,294,56,-0.2021,0.2402
4785,4.305639,0,294,56,-0.2021,0.2402
4786,4.306539,0,294,56,-0.2021,0.2402
4787,4.307439,0,294,56,-0.2021,0.2402
4788,4.308339,0,294,56,-0.2021,0.2402
4789,4.309239,0,294,56,-0.2021,0.2402
4790,4.310139,0,294,56,-0.2021,0.2402
4791,4.311039,0,294,56,-0.2021,0.2402
4792,4.311939,0,294,56,-0.2021,0.2402
4793,4.312839,0,294,56,-0.2021,0.2402
4794,4.313739,0,294,56,-0.2021,0.2402
4795,4.314639,0,294,56,-0.2021,0.2402
4796,4.315539,0,294,56,-0.2021,0.2402
4797,4.316439,0,294,56,-0.2021,0.2402
4798,4.317339,0,294,56,-0.2021,0.2402
4799,4.318239,0,294,56,-0.2021,0.2402
4800,4.319139,0,294,56,-0.2021,0.2402
4801,4.320040,0,294,56,-0.2021,0.0000
4802,4.320940,0,294,56,-0.2021,0.0000
4803,4.321840,0,294,56,-0.2021,0.0000
4804,4.322740,0,294,56,-0.2021,0.0000
4805,4.323640,0,294,56,-0.2021,0.0000
4806,4.324540,0,294,56,-0.2021,0.0000
4807,4.325440,0,294,56,-0.2021,0.0000
4808,4.326340,0,294,56,-0.2021,0.0000
4809,4.327240,0,294,56,-0.2021,0.0000
4810,4.328140,0,294,56,-0.2021,0.0000
4811,4.329040,0,294,56,-0.2021,0.0000
4812,4.329940,0,294,56,-0.2021,0.0000
4813,4.330840,0,294,57,-0.1902,0.2402
4814,4.331740,0,294,57,-0.1902,0.2402
4815,4.332640,0,294,57,-0.1902,0.2402
4816,4.333540,0,294,57,-0.1902,0.2402
4817,4.334440,0,294,57,-0.1902,0.2402
4818,4.335340,0,294,57,-0.1902,0.2402
4819,4.336240,0,294,57,-0.1902,0.2402
4820,4.337140,0,294,57,-0.1902,0.2402
4821,4.338040,0,294,57,-0.1902,0.2402
4822,4.338940,0,294,57,-0.1902,0.2402
4823,4.339840,0,294,57,-0.1902,0.2402
4824,4.340740,0,294,57,-0.1902,0.2402
4825,4.341640,0,294,57,-0.1902,0.2402
4826,4.342540,0,294,57,-0.1902,0.2402
4827,4.343440,0,294,57,-0.1902,0.2402
4828,4.344340,0,295,57,-0.1902,0.2402
4829,4.345240,0,295,57,-0.1902,0.2402
4830,4.346140,0,295,57,-0.1902,0.2402
4831,4.347040,0,295,57,-0.1902,0.2402
4832,4.347940,0,295,57,-0.1902,0.2402
4833,4.348840,0,295,57,-0.1902,0.2402
4834,4.349740,0,295,57,-0.1902,0.2402
4835,4.350640,0,295,57,-0.1902,0.2402
4836,4.351540,0,295,57,-0.1902,0.2402
4837,4.352440,0,295,57,-0.1902,0.2402
4838,4.353340,0,295,57,-0.1902,0.2402
4839,4.354240,0,295,57,-0.1902,0.2402
4840,4.355140,0,295,57,-0.1902,0.2402
4841,4.356040,0,295,57,-0.1902,0.2402
4842,4.356940,0,295,57,-0.1902,0.2402
4843,4.357840,0,295,57,-0.1902,0.2402
4844,4.358740,0,298,57,-0.1902,0.2402
4845,4.359640,0,298,57,-0.1902,0.2402
4846,4.360540,0,298,57,-0.1902,0.2402
4847,4.361440,0,298,57,-0.1902,0.2402
4848,4.362340,0,298,57,-0.1902,0.2402
4849,4.363240,0,298,57,-0.1902,0.2402
4850,4.364140,0,298,57,-0.1902,0.2402
4851,4.365040,0,298,57,-0.1902,0.2402
4852,4.365940,0,298,57,-0.1902,0.2402
4853,4.366840,0,298,57,-0.1902,0.2402
4854,4.367740,0,298,57,-0.1902,0.2402
4855,4.368640,0,298,57,-0.1902,0.2402
4856,4.369540,0,298,57,-0.1902,0.2402
4857,4.370440,0,298,57,-0.1902,0.2402
4858,4.371340,0,298,57,-0.1902,0.2402
4859,4.372240,0,298,57,-0.1902,0.2402
4860,4.373140,0,298,57,-0.1902,0.2402
4861,4.374040,0,298,57,-0.1902,0.2402
4862,4.374940,0,298,57,-0.1902,0.2402
4863,4.375840,0,298,57,-0.1902,0.2402
4864,4.376740,0,298,57,-0.1902,0.2402
4865,4.377640,0,298,57,-0.1902,0.2402
4866,4.378540,0,298,57,-0.1902,0.2402
4867,4.379440,0,298,57,-0.1902,0.2402
4868,4.380340,0,298,57,-0.1902,0.0000
4869,4.381240,0,298,57,-0.1902,0.0000
4870,4.382140,0,298,57,-0.1902,0.0000
4871,4.383040,0,298,57,-0.1902,0.0000
4872,4.383940,0,298,57,-0.1902,0.0000
4873,4.384840,0,298,57,-0.1902,0.0000
4874,4.385740,0,298,57,-0.1902,0.0000
4875,4.386640,0,298,57,-0.1902,0.0000
4876,4.387540,0,298,57,-0.1902,0.0000
4877,4.388440,0,298,57,-0.1902,0.0000
4878,4.389340,0,298,57,-0.1902,0.0000
4879,4.390240,0,298,57,-0.1902,0.0000
4880,4.391140,0,298,57,-0.1902,0.0000
4881,4.392040,0,298,57,-0.1902,0.0000
4882,4.392940,0,298,57,-0.1902,0.0000
4883,4.393840,0,298,57,-0.1902,0.0000
4884,4.394740,0,298,57,-0.1902,0.0000
4885,4.395640,0,298,57,-0.1902,0.0000
4886,4.396540,0,298,57,-0.1902,0.0000
4887,4.397440,0,298,57,-0.1902,0.0000
4888,4.398340,0,298,57,-0.1902,0.0000
4889,4.399241,0,298,57,-0.1902,0.0000
4890,4.400141,0,298,57,-0.1902,0.0000
4891,4.401041,0,298,57,-0.1902,0.0000
4892,4.401941,0,298,57,-0.1902,0.0000
4893,4.402841,0,298,57,-0.1902,0.0000
4894,4.403741,0,298,57,-0.1902,0.0000
4895,4.404641,0,298,57,-0.1902,0.0000
4896,4.405541,0,298,57,-0.1902,0.0000
4897,4.406441,0,298,57,-0.1902,0.0000
4898,4.407341,0,298,57,-0.1902,0.0000
4899,4.408241,0,298,57,-0.1902,0.0000
4900,4.409141,0,298,57,-0.1902,0.0000
4901,4.410041,0,298,57,-0.1902,0.0000
4902,4.410941,0,298,57,-0.1902,0.0000
4903,4.411841,0,298,57,-0.1902,0.0000
4904,4.412741,0,298,57,-0.1902,0.0000
4905,4.413641,0,298,57,-0.1902,0.0000
4906,4.414541,0,298,57,-0.1902,0.0000
4907,4.415441,0,298,57,-0.1902,0.0000
4908,4.416341,0,298,57,-0.1902,0.0000
4909,4.417241,0,298,57,-0.1902,0.0000
4910,4.418141,0,298,57,-0.1902,0.0000
4911,4.419041,0,298,57,-0.1902,0.0000
4912,4.419941,0,301,57,-0.1902,0.0000
4913,4.420841,0,301,57,-0.1902,0.0000
4914,4.421741,0,301,57,-0.1902,0.0000
4915,4.422641,0,301,57,-0.1902,0.0000
4916,4.423541,0,301,57,-0.1902,0.0000
4917,4.424441,0,301,57,-0.1902,0.0000
4918,4.425341,0,301,57,-0.1902,0.0000
4919,4.426241,0,301,57,-0.1902,0.0000
4920,4.427141,0,301,57,-0.1902,0.0000
4921,4.428041,0,301,57,-0.1902,0.0000
4922,4.428941,0,301,57,-0.1902,0.0000
4923,4.429841,0,301,57,-0.1902,0.0000
4924,4.430741,0,301,57,-0.1902,0.0000
4925,4.431641,0,301,57,-0.1902,0.0000
4926,4.432541,0,301,57,-0.1902,0.0000
4927,4.433441,0,301,57,-0.1902,0.0000
4928,4.434341,0,301,57,-0.1902,0.0000
4929,4.435241,0,301,57,-0.1902,0.0000
4930,4.436141,0,301,57,-0.1902,0.0000
4931,4.437041,0,301,57,-0.1902,0.0000
4932,4.437941,0,301,57,-0.1902,0.0000
4933,4.438841,0,301,57,-0.1902,0.0000
4934,4.439741,0,301,57,-0.1902,0.0000
4935,4.440641,0,301,57,-0.1902,0.0000
4936,4.441541,0,301,57,-0.1902,0.0000
4937,4.442440,0,301,57,-0.1902,0.0000
4938,4.443340,0,301,57,-0.1902,0.0000
4939,4.444240,0,301,57,-0.1902,0.0000
4940,4.445140,0,301,57,-0.1902,0.0000
4941,4.446041,0,301,57,-0.1902,0.0000
4942,4.446941,0,301,57,-0.1902,0.0000
4943,4.447841,0,301,57,-0.1902,0.0000
4944,4.448741,0,301,57,-0.1902,0.0000
4945,4.449641,0,301,57,-0.1902,0.0000
4946,4.450541,0,301,57,-0.1902,0.0000
4947,4.451441,0,301,57,-0.1902,0.0000
4948,4.452340,0,301,57,-0.1902,0.0000
4949,4.453240,0,301,57,-0.1902,0.0000
4950,4.454140,0,301,57,-0.1902,0.0000
4951,4.455040,0,301,57,-0.1902,0.0000
4952,4.455940,0,301,57,-0.1902,0.0000
4953,4.456840,0,301,57,-0.1902,0.0000
4954,4.457740,0,301,57,-0.1902,0.0000
4955,4.458640,0,301,57,-0.1902,0.0000
4956,4.459540,0,301,57,-0.1902,0.0000
4957,4.460440,0,301,57,-0.1902,0.0000
4958,4.461341,0,301,57,-0.1902,0.0000
4959,4.462241,0,301,57,-0.1902,0.0000
4960,4.463140,0,301,57,-0.1902,0.0000
4961,4.464040,0,301,57,-0.1902,0.0000
4962,4.464940,0,301,57,-0.1902,0.0000
4963,4.465840,0,301,57,-0.1902,0.0000
4964,4.466740,0,301,57,-0.1902,0.0000
4965,4.467640,0,302,57,-0.1902,0.0000
4966,4.468540,0,302,57,-0.1902,0.0000
4967,4.469440,0,302,57,-0.1902,0.0000
4968,4.470340,0,302,57,-0.1902,0.0000
4969,4.471240,0,302,57,-0.1902,0.0000
4970,4.472140,0,302,57,-0.1902,0.0000
4971,4.473040,0,302,57,-0.1902,0.0000
4972,4.473940,0,302,57,-0.1902,0.0000
4973,4.474840,0,302,57,-0.1902,0.0000
4974,4.475740,0,302,57,-0.1902,0.0000
4975,4.476641,0,302,57,-0.1902,0.0000
4976,4.477541,0,302,57,-0.1902,0.0000
4977,4.478441,0,302,57,-0.1902,0.0000
4978,4.479341,0,302,57,-0.1902,0.0000
4979,4.480241,0,302,57,-0.1902,0.0000
4980,4.481141,0,302,57,-0.1902,0.0000
4981,4.482041,0,305,57,-0.1902,0.0000
4982,4.482941,0,305,57,-0.1902,0.0000
4983,4.483841,0,305,57,-0.1902,0.0000
4984,4.484741,0,305,57,-0.1902,0.0000
4985,4.485641,0,305,57,-0.1902,0.0000
4986,4.486541,0,305,57,-0.1902,0.0000
4987,4.487441,0,305,57,-0.1902,0.0000
4988,4.488341,0,305,57,-0.1902,0.0000
4989,4.489241,0,305,57,-0.1902,0.0000
4990,4.490141,0,305,57,-0.1902,0.0000
4991,4.491041,0,305,57,-0.1902,0.0000
4992,4.491941,0,305,57,-0.1902,0.0000
4993,4.492841,0,305,57,-0.1902,0.0000
4994,4.493741,0,305,57,-0.1902,0.0000
4995,4.494641,0,305,57,-0.1902,0.0000
4996,4.495541,0,305,57,-0.1902,0.0000
4997,4.496441,0,305,57,-0.1902,0.0000
4998,4.497341,0,305,57,-0.1902,0.0000
4999,4.498241,0,305,57,-0.1902,0.0000
5000,4.499141,0,305,57,-0.1902,0.0000
5001,4.500041,0,305,57,-0.1902,0.0000
5002,4.500941,0,305,57,-0.1902,0.0000
5003,4.501841,0,305,57,-0.1902,0.0000
5004,4.502741,0,305,57,-0.1902,0.0000
5005,4.503641,0,305,57,-0.1902,0.0000
5006,4.504541,0,305,57,-0.1902,0.0000
5007,4.505441,0,305,57,-0.1902,0.0000
5008,4.506341,0,305,57,-0.1902,0.0000
5009,4.507241,0,305,57,-0.1902,0.0000
5010,4.508141,0,305,57,-0.1902,0.0000
5011,4.509041,0,305,57,-0.1902,0.0000
5012,4.509941,0,305,57,-0.1902,0.0000
5013,4.510841,0,305,57,-0.1902,0.0000
5014,4.511741,0,305,57,-0.1902,0.0000
5015,4.512641,0,305,57,-0.1902,0.0000
5016,4.513541,0,305,57,-0.1902,0.0000
5017,4.514441,0,305,57,-0.1902,0.0000
5018,4.515341,0,305,57,-0.1902,0.0000
5019,4.516241,0,305,57,-0.1902,0.0000
5020,4.517141,0,305,57,-0.1902,0.0000
5021,4.518041,0,305,57,-0.1902,0.0000
5022,4.518941,0,305,57,-0.1902,0.0000
5023,4.519841,0,305,57,-0.1902,0.0000
5024,4.520741,0,305,57,-0.1902,0.0000
5025,4.521641,0,305,57,-0.1902,0.0000
5026,4.522541,0,305,57,-0.1902,0.0000
5027,4.523441,0,305,57,-0.1902,0.0000
5028,4.524341,0,305,57,-0.1902,0.0000
5029,4.525241,0,305,57,-0.1902,0.0000
5030,4.526141,0,305,57,-0.1902,0.0000
5031,4.527041,0,306,57,-0.1902,0.0000
5032,4.527941,0,306,57,-0.1902,0.0000
5033,4.528841,0,306,57,-0.1902,0.0000
5034,4.529741,0,306,57,-0.1902,0.0000
5035,4.530641,0,306,57,-0.1902,0.0000
5036,4.531541,0,306,57,-0.1902,0.0000
5037,4.532441,0,306,57,-0.1902,0.0000
5038,4.533341,0,306,57,-0.1902,0.0000
5039,4.534241,0,306,57,-0.1902,0.0000
5040,4.535141,0,306,57,-0.1902,0.0000
5041,4.536041,0,306,57,-0.1902,0.0000
5042,4.536941,0,306,57,-0.1902,0.0000
5043,4.537841,0,306,57,-0.1902,0.0000
5044,4.538741,0,306,57,-0.1902,0.0000
5045,4.539641,0,306,57,-0.1902,0.0000
5046,4.540541,0,306,57,-0.1902,0.0000
5047,4.541441,0,306,57,-0.1902,0.0000
5048,4.542341,0,309,57,-0.1902,0.0000
5049,4.543241,0,309,57,-0.1902,0.0000
5050,4.544141,0,309,57,-0.1902,0.0000
5051,4.545041,0,309,57,-0.1902,0.0000
5052,4.545941,0,309,57,-0.1902,0.0000
5053,4.546841,0,309,57,-0.1902,0.0000
5054,4.547741,0,309,57,-0.1902,0.0000
5055,4.548641,0,309,57,-0.1902,0.0000
5056,4.549541,0,309,57,-0.1902,0.0000
5057,4.550441,0,309,57,-0.1902,0.0000
5058,4.551341,0,309,57,-0.1902,0.0000
5059,4.552241,0,309,57,-0.1902,0.0000
5060,4.553141,0,309,57,-0.1902,0.0000
5061,4.554042,0,309,57,-0.1902,0.0000
5062,4.554942,0,309,57,-0.1902,0.0000
5063,4.555842,0,309,57,-0.1902,0.0000
5064,4.556742,0,309,57,-0.1902,0.0000
5065,4.557642,0,309,57,-0.1902,0.0000
5066,4.558542,0,309,57,-0.1902,0.0000
5067,4.559442,0,309,57,-0.1902,0.0000
5068,4.560342,0,309,57,-0.1902,0.0000
5069,4.561242,0,309,57,-0.1902,0.0000
5070,4.562142,0,309,57,-0.1902,0.0000
5071,4.563042,0,309,57,-0.1902,0.0000
5072,4.563942,0,309,57,-0.1902,0.0000
5073,4.564842,0,309,57,-0.1902,0.0000
5074,4.565742,0,309,57,-0.1902,0.0000
5075,4.566642,0,309,57,-0.1902,0.0000
5076,4.567542,0,309,57,-0.1902,0.0000
5077,4.568442,0,309,57,-0.1902,0.0000
5078,4.569342,0,309,57,-0.1902,0.0000
5079,4.570242,0,309,57,-0.1902,0.0000
5080,4.571142,0,309,57,-0.1902,0.0000
5081,4.572042,0,309,57,-0.1902,0.0000
5082,4.572942,0,309,57,-0.1902,0.0000
5083,4.573842,0,309,57,-0.1902,0.0000
5084,4.574742,0,309,57,-0.1902,0.0000
5085,4.575642,0,309,57,-0.1902,0.0000
5086,4.576542,0,309,57,-0.1902,0.0000
5087,4.577442,0,309,57,-0.1902,0.0000
5088,4.578342,0,309,57,-0.1902,0.0000
5089,4.579242,0,309,57,-0.1902,0.0000
5090,4.580142,0,309,57,-0.1902,0.0000
5091,4.581042,0,309,57,-0.1902,0.0000
5092,4.581942,0,309,57,-0.1902,0.0000
5093,4.582842,0,309,57,-0.1902,0.0000
5094,4.583742,0,309,57,-0.1902,0.0000
5095,4.584642,0,309,57,-0.1902,0.0000
5096,4.585542,0,309,57,-0.1902,0.0000
5097,4.586442,0,309,57,-0.1902,0.0000
5098,4.587342,0,309,57,-0.1902,0.0000
5099,4.588242,0,309,57,-0.1902,0.0000
5100,4.589142,0,310,57,-0.1902,0.0000
5101,4.590042,0,310,57,-0.1902,0.0000
5102,4.590942,0,310,57,-0.1902,0.0000
5103,4.591842,0,310,57,-0.1902,0.0000
5104,4.592742,0,310,57,-0.1902,0.0000
5105,4.593642,0,310,57,-0.1902,0.0000
5106,4.594542,0,310,57,-0.1902,0.0000
5107,4.595442,0,310,57,-0.1902,0.0000
5108,4.596342,0,310,57,-0.1902,0.0000
5109,4.597242,0,310,57,-0.1902,0.0000
5110,4.598142,0,310,57,-0.1902,0.0000
5111,4.599042,0,310,57,-0.1902,0.0000
5112,4.599942,0,310,57,-0.1902,0.0000
5113,4.600842,0,310,57,-0.1902,0.0000
5114,4.601742,0,310,57,-0.1902,0.0000
5115,4.602642,0,310,57,-0.1902,0.0000
5116,4.603542,0,312,57,-0.1902,0.0000
5117,4.604442,0,312,57,-0.1902,0.0000
5118,4.605342,0,312,57,-0.1902,0.0000
5119,4.606242,0,312,57,-0.1902,0.0000
5120,4.607142,0,312,57,-0.1902,0.0000
5121,4.608042,0,312,57,-0.1902,0.0000
5122,4.608942,0,312,57,-0.1902,0.0000
5123,4.609842,0,312,57,-0.1902,0.0000
5124,4.610742,0,312,57,-0.1902,0.0000
5125,4.611642,0,312,57,-0.1902,0.0000
5126,4.612542,0,312,57,-0.1902,0.0000
5127,4.613442,0,312,57,-0.1902,0.0000
5128,4.614342,0,312,57,-0.1902,0.0000
5129,4.615242,0,312,57,-0.1902,0.0000
5130,4.616142,0,312,57,-0.1902,0.0000
5131,4.617042,0,312,57,-0.1902,0.0000
5132,4.617942,0,312,57,-0.1902,0.0000
5133,4.618842,0,312,57,-0.1902,0.0000
5134,4.619742,0,312,57,-0.1902,0.0000
5135,4.620642,0,312,57,-0.1902,0.0000
5136,4.621542,0,312,57,-0.1902,0.0000
5137,4.622442,0,312,57,-0.1902,0.0000
5138,4.623342,0,312,57,-0.1902,0.0000
5139,4.624242,0,312,57,-0.1902,0.0000
5140,4.625142,0,312,57,-0.1902,0.0000
5141,4.626042,0,312,57,-0.1902,0.0000
5142,4.626942,0,312,57,-0.1902,0.0000
5143,4.627842,0,312,57,-0.1902,0.0000
5144,4.628742,0,312,57,-0.1902,0.0000
5145,4.629642,0,312,57,-0.1902,0.0000
5146,4.630542,0,312,57,-0.1902,0.0000
5147,4.631443,0,312,57,-0.1902,0.0000
5148,4.632343,0,312,57,-0.1902,0.0000
5149,4.633243,0,312,57,-0.1902,0.0000
5150,4.634143,0,312,57,-0.1902,0.0000
5151,4.635043,0,312,57,-0.1902,0.0000
5152,4.635943,0,312,57,-0.1902,0.0000
5153,4.636843,0,312,57,-0.1902,0.0000
5154,4.637743,0,312,57,-0.1902,0.0000
5155,4.638643,0,312,57,-0.1902,0.0000
5156,4.639543,0,312,57,-0.1902,0.0000
5157,4.640443,0,312,57,-0.1902,0.0000
5158,4.641343,0,312,57,-0.1902,0.0000
5159,4.642243,0,312,57,-0.1902,0.0000
5160,4.643143,0,312,57,-0.1902,0.0000
5161,4.644043,0,312,57,-0.1902,0.0000
5162,4.644943,0,312,57,-0.1902,0.0000
5163,4.645843,0,312,57,-0.1902,0.0000
5164,4.646743,0,312,57,-0.1902,0.0000
5165,4.647643,0,312,57,-0.1902,0.0000
5166,4.648543,0,312,57,-0.1902,0.0000
5167,4.649443,0,312,57,-0.1902,0.0000
5168,4.650343,0,312,57,-0.1902,0.0000
5169,4.651243,0,313,57,-0.1902,0.0000
5170,4.652143,0,313,57,-0.1902,0.0000
5171,4.653043,0,313,57,-0.1902,0.0000
5172,4.653943,0,313,57,-0.1902,0.0000
5173,4.654843,0,313,57,-0.1902,0.0000
5174,4.655743,0,313,57,-0.1902,0.0000
5175,4.656643,0,313,57,-0.1902,0.0000
5176,4.657543,0,313,57,-0.1902,0.0000
5177,4.658443,0,313,57,-0.1902,0.0000
5178,4.659343,0,313,57,-0.1902,0.0000
5179,4.660243,0,313,57,-0.1902,0.0000
5180,4.661143,0,313,57,-0.1902,0.0000
5181,4.662043,0,313,58,-0.1783,0.2402
5182,4.662943,0,313,58,-0.1783,0.2402
5183,4.663843,0,313,58,-0.1783,0.2402
5184,4.664743,0,313,58,-0.1783,0.2402
5185,4.665643,0,313,58,-0.1783,0.2402
5186,4.666543,0,316,58,-0.1783,0.2402
5187,4.667443,0,316,58,-0.1783,0.2402
5188,4.668343,0,316,58,-0.1783,0.2402
5189,4.669243,0,316,58,-0.1783,0.2402
5190,4.670143,0,316,58,-0.1783,0.2402
5191,4.671043,0,316,58,-0.1783,0.2402
5192,4.671943,0,316,58,-0.1783,0.2402
5193,4.672843,0,316,58,-0.1783,0.2402
5194,4.673743,0,316,58,-0.1783,0.2402
5195,4.674643,0,316,58,-0.1783,0.2402
5196,4.675543,0,316,58,-0.1783,0.2402
5197,4.676443,0,316,58,-0.1783,0.2402
5198,4.677343,0,316,58,-0.1783,0.2402
5199,4.678243,0,316,58,-0.1783,0.2402
5200,4.679143,0,316,58,-0.1783,0.2402
5201,4.680043,0,316,58,-0.1783,0.2402
5202,4.680943,0,316,58,-0.1783,0.2402
5203,4.681843,0,316,58,-0.1783,0.2402
5204,4.682743,0,316,58,-0.1783,0.2402
5205,4.683643,0,316,58,-0.1783,0.2402
5206,4.684543,0,316,58,-0.1783,0.2402
5207,4.685443,0,316,58,-0.1783,0.2402
5208,4.686343,0,316,58,-0.1783,0.2402
5209,4.687243,0,316,58,-0.1783,0.2402
5210,4.688143,0,316,58,-0.1783,0.2402
5211,4.689043,0,316,58,-0.1783,0.2402
5212,4.689943,0,316,58,-0.1783,0.2402
5213,4.690843,0,316,58,-0.1783,0.2402
5214,4.691743,0,316,58,-0.1783,0.2402
5215,4.692643,0,316,58,-0.1783,0.2402
5216,4.693543,0,316,58,-0.1783,0.2402
5217,4.694443,0,316,58,-0.1783,0.2402
5218,4.695343,0,316,58,-0.1783,0.2402
5219,4.696243,0,316,58,-0.1783,0.2402
5220,4.697143,0,316,58,-0.1783,0.2402
5221,4.698043,0,316,58,-0.1783,0.2402
5222,4.698943,0,316,58,-0.1783,0.2402
5223,4.699843,0,316,58,-0.1783,0.2402
5224,4.700743,0,316,58,-0.1783,0.2402
5225,4.701643,0,316,58,-0.1783,0.2402
5226,4.702543,0,316,58,-0.1783,0.2402
5227,4.703443,0,316,58,-0.1783,0.2402
5228,4.704343,0,316,58,-0.1783,0.2402
5229,4.705243,0,316,58,-0.1783,0.2402
5230,4.706143,0,316,58,-0.1783,0.2402
5231,4.707043,0,316,58,-0.1783,0.2402
5232,4.707943,0,316,58,-0.1783,0.2402
5233,4.708843,0,316,58,-0.1783,0.2402
5234,4.709744,0,316,58,-0.1783,0.2402
5235,4.710644,0,316,58,-0.1783,0.2402
5236,4.711544,0,317,58,-0.1783,0.0000
5237,4.712444,0,317,58,-0.1783,0.0000
5238,4.713344,0,317,58,-0.1783,0.0000
5239,4.714244,0,317,58,-0.1783,0.0000
5240,4.715144,0,317,58,-0.1783,0.0000
5241,4.716044,0,317,58,-0.1783,0.0000
5242,4.716944,0,317,58,-0.1783,0.0000
5243,4.717844,0,317,58,-0.1783,0.0000
5244,4.718744,0,317,58,-0.1783,0.0000
5245,4.719644,0,317,58,-0.1783,0.0000
5246,4.720544,0,317,58,-0.1783,0.0000
5247,4.721444,0,317,58,-0.1783,0.0000
5248,4.722344,0,317,58,-0.1783,0.0000
5249,4.723243,0,317,58,-0.1783,0.0000
5250,4.724144,0,317,58,-0.1783,0.0000
5251,4.725044,0,317,58,-0.1783,0.0000
5252,4.725943,0,317,58,-0.1783,0.0000
5253,4.726843,0,317,58,-0.1783,0.0000
5254,4.727743,0,320,58,-0.1783,0.0000
5255,4.728644,0,320,58,-0.1783,0.0000
5256,4.729544,0,320,58,-0.1783,0.0000
5257,4.730444,0,320,58,-0.1783,0.0000
5258,4.731344,0,320,58,-0.1783,0.0000
5259,4.732244,0,320,58,-0.1783,0.0000
5260,4.733144,0,320,58,-0.1783,0.0000
5261,4.734043,0,320,58,-0.1783,0.0000
5262,4.734943,0,320,58,-0.1783,0.0000
5263,4.735843,0,320,58,-0.1783,0.0000
5264,4.736743,0,320,58,-0.1783,0.0000
5265,4.737643,0,320,58,-0.1783,0.0000
5266,4.738543,0,320,58,-0.1783,0.0000
5267,4.739443,0,320,58,-0.1783,0.0000
5268,4.740343,0,320,58,-0.1783,0.0000
5269,4.741243,0,320,58,-0.1783,0.0000
5270,4.742143,0,320,58,-0.1783,0.0000
5271,4.743043,0,320,58,-0.1783,0.0000
5272,4.743943,0,320,58,-0.1783,0.0000
5273,4.744843,0,320,58,-0.1783,0.0000
5274,4.745743,0,320,58,-0.1783,0.0000
5275,4.746643,0,320,58,-0.1783,0.0000
5276,4.747543,0,320,58,-0.1783,0.0000
5277,4.748443,0,320,58,-0.1783,0.0000
5278,4.749343,0,320,58,-0.1783,0.0000
5279,4.750243,0,320,58,-0.1783,0.0000
5280,4.751143,0,320,58,-0.1783,0.0000
5281,4.752043,0,320,58,-0.1783,0.0000
5282,4.752943,0,320,58,-0.1783,0.0000
5283,4.753843,0,320,58,-0.1783,0.0000
5284,4.754743,0,320,58,-0.1783,0.0000
5285,4.755643,0,320,58,-0.1783,0.0000
5286,4.756543,0,320,58,-0.1783,0.0000
5287,4.757443,0,320,58,-0.1783,0.0000
5288,4.758343,0,320,58,-0.1783,0.0000
5289,4.759243,0,320,58,-0.1783,0.0000
5290,4.760143,0,320,58,-0.1783,0.0000
5291,4.761043,0,320,58,-0.1783,0.0000
5292,4.761943,0,320,58,-0.1783,0.0000
5293,4.762843,0,320,58,-0.1783,0.0000
5294,4.763743,0,320,58,-0.1783,0.0000
5295,4.764643,0,320,58,-0.1783,0.0000
5296,4.765543,0,320,58,-0.1783,0.0000
5297,4.766443,0,320,58,-0.1783,0.0000
5298,4.767343,0,320,58,-0.1783,0.0000
5299,4.768243,0,320,58,-0.1783,0.0000
5300,4.769143,0,320,58,-0.1783,0.0000
5301,4.770043,0,320,58,-0.1783,0.0000
5302,4.770943,0,320,58,-0.1783,0.0000
5303,4.771843,0,320,58,-0.1783,0.0000
5304,4.772743,0,320,58,-0.1783,0.0000
5305,4.773643,0,321,58,-0.1783,0.0000
5306,4.774543,0,321,58,-0.1783,0.0000
5307,4.775443,0,321,58,-0.1783,0.0000
5308,4.776343,0,321,58,-0.1783,0.0000
5309,4.777243,0,321,58,-0.1783,0.0000
5310,4.778143,0,321,58,-0.1783,0.0000
5311,4.779043,0,321,58,-0.1783,0.0000
5312,4.779943,0,321,58,-0.1783,0.0000
5313,4.780843,0,321,58,-0.1783,0.0000
5314,4.781743,0,321,58,-0.1783,0.0000
5315,4.782643,0,321,58,-0.1783,0.0000
5316,4.783543,0,321,58,-0.1783,0.0000
5317,4.784443,0,321,58,-0.1783,0.0000
5318,4.785343,0,321,58,-0.1783,0.0000
5319,4.786243,0,321,58,-0.1783,0.0000
5320,4.787143,0,321,58,-0.1783,0.0000
5321,4.788044,0,321,58,-0.1783,0.0000
5322,4.788944,0,323,58,-0.1783,0.0000
5323,4.789844,0,323,58,-0.1783,0.0000
5324,4.790744,0,323,58,-0.1783,0.0000
5325,4.791644,0,323,58,-0.1783,0.0000
5326,4.792544,0,323,58,-0.1783,0.0000
5327,4.793444,0,323,58,-0.1783,0.0000
5328,4.794344,0,323,58,-0.1783,0.0000
5329,4.795244,0,323,58,-0.1783,0.0000
5330,4.796144,0,323,58,-0.1783,0.0000
5331,4.797044,0,323,58,-0.1783,0.0000
5332,4.797944,0,323,58,-0.1783,0.0000
5333,4.798844,0,323,58,-0.1783,0.0000
5334,4.799744,0,323,58,-0.1783,0.0000
5335,4.800644,0,323,58,-0.1783,0.0000
5336,4.801544,0,323,58,-0.1783,0.0000
5337,4.802444,0,323,58,-0.1783,0.0000
5338,4.803344,0,323,58,-0.1783,0.0000
5339,4.804244,0,323,58,-0.1783,0.0000
5340,4.805144,0,323,58,-0.1783,0.0000
5341,4.806044,0,323,58,-0.1783,0.0000
5342,4.806944,0,323,58,-0.1783,0.0000
5343,4.807844,0,323,58,-0.1783,0.0000
5344,4.808744,0,323,58,-0.1783,0.0000
5345,4.809644,0,323,58,-0.1783,0.0000
5346,4.810544,0,323,58,-0.1783,0.0000
5347,4.811444,0,323,58,-0.1783,0.0000
5348,4.812344,0,323,58,-0.1783,0.0000
5349,4.813244,0,323,58,-0.1783,0.0000
5350,4.814144,0,323,58,-0.1783,0.0000
5351,4.815044,0,323,58,-0.1783,0.0000
5352,4.815944,0,323,58,-0.1783,0.0000
5353,4.816844,0,323,58,-0.1783,0.0000
5354,4.817744,0,323,58,-0.1783,0.0000
5355,4.818644,0,323,58,-0.1783,0.0000
5356,4.819544,0,323,58,-0.1783,0.0000
5357,4.820444,0,323,58,-0.1783,0.0000
5358,4.821344,0,323,58,-0.1783,0.0000
5359,4.822244,0,323,58,-0.1783,0.0000
5360,4.823144,0,323,58,-0.1783,0.0000
5361,4.824044,0,323,58,-0.1783,0.0000
5362,4.824944,0,323,58,-0.1783,0.0000
5363,4.825844,0,323,58,-0.1783,0.0000
5364,4.826744,0,323,58,-0.1783,0.0000
5365,4.827644,0,323,58,-0.1783,0.0000
5366,4.828544,0,323,58,-0.1783,0.0000
5367,4.829444,0,323,58,-0.1783,0.0000
5368,4.830344,0,323,58,-0.1783,0.0000
5369,4.831244,0,323,58,-0.1783,0.0000
5370,4.832144,0,323,58,-0.1783,0.0000
5371,4.833044,0,323,58,-0.1783,0.0000
5372,4.833944,0,323,58,-0.1783,0.0000
5373,4.834844,0,323,58,-0.1783,0.0000
5374,4.835744,0,324,58,-0.1783,0.0000
5375,4.836644,0,324,58,-0.1783,0.0000
5376,4.837544,0,324,58,-0.1783,0.0000
5377,4.838444,0,324,58,-0.1783,0.0000
5378,4.839344,0,324,58,-0.1783,0.0000
5379,4.840244,0,324,58,-0.1783,0.0000
5380,4.841144,0,324,58,-0.1783,0.0000
5381,4.842044,0,324,58,-0.1783,0.0000
5382,4.842944,0,324,58,-0.1783,0.0000
5383,4.843844,0,324,58,-0.1783,0.0000
5384,4.844744,0,324,58,-0.1783,0.0000
5385,4.845644,0,324,58,-0.1783,0.0000
5386,4.846544,0,324,58,-0.1783,0.0000
5387,4.847444,0,324,58,-0.1783,0.0000
5388,4.848344,0,324,58,-0.1783,0.0000
5389,4.849244,0,324,58,-0.1783,0.0000
5390,4.850144,0,324,58,-0.1783,0.0000
5391,4.851044,0,327,58,-0.1783,0.0000
5392,4.851944,0,327,58,-0.1783,0.0000
5393,4.852844,0,327,58,-0.1783,0.0000
5394,4.853744,0,327,58,-0.1783,0.0000
5395,4.854644,0,327,58,-0.1783,0.0000
5396,4.855544,0,327,58,-0.1783,0.0000
5397,4.856444,0,327,58,-0.1783,0.0000
5398,4.857344,0,327,58,-0.1783,0.0000
5399,4.858244,0,327,58,-0.1783,0.0000
5400,4.859144,0,327,58,-0.1783,0.0000
5401,4.860044,0,327,58,-0.1783,0.0000
5402,4.860944,0,327,58,-0.1783,0.0000
5403,4.861844,0,327,58,-0.1783,0.0000
5404,4.862744,0,327,58,-0.1783,0.0000
5405,4.863644,0,327,58,-0.1783,0.0000
5406,4.864544,0,327,58,-0.1783,0.0000
5407,4.865444,0,327,58,-0.1783,0.0000
5408,4.866345,0,327,58,-0.1783,0.0000
5409,4.867245,0,327,58,-0.1783,0.0000
5410,4.868145,0,327,58,-0.1783,0.0000
5411,4.869045,0,327,58,-0.1783,0.0000
5412,4.869945,0,327,58,-0.1783,0.0000
5413,4.870845,0,327,58,-0.1783,0.0000
5414,4.871745,0,327,58,-0.1783,0.0000
5415,4.872645,0,327,58,-0.1783,0.0000
5416,4.873545,0,327,58,-0.1783,0.0000
5417,4.874445,0,327,58,-0.1783,0.0000
5418,4.875345,0,327,58,-0.1783,0.0000
5419,4.876245,0,327,58,-0.1783,0.0000
5420,4.877145,0,327,58,-0.1783,0.0000
5421,4.878045,0,327,58,-0.1783,0.0000
5422,4.878945,0,327,58,-0.1783,0.0000
5423,4.879845,0,327,58,-0.1783,0.0000
5424,4.880745,0,327,58,-0.1783,0.0000
5425,4.881645,0,327,58,-0.1783,0.0000
5426,4.882545,0,327,58,-0.1783,0.0000
5427,4.883445,0,327,58,-0.1783,0.0000
5428,4.884345,0,327,58,-0.1783,0.0000
5429,4.885245,0,327,58,-0.1783,0.0000
5430,4.886145,0,327,58,-0.1783,0.0000
5431,4.887045,0,327,58,-0.1783,0.0000
5432,4.887945,0,327,58,-0.1783,0.0000
5433,4.888845,0,327,58,-0.1783,0.0000
5434,4.889745,0,327,58,-0.1783,0.0000
5435,4.890645,0,327,58,-0.1783,0.0000
5436,4.891545,0,327,58,-0.1783,0.0000
5437,4.892445,0,327,58,-0.1783,0.0000
5438,4.893345,0,327,58,-0.1783,0.0000
5439,4.894245,0,327,58,-0.1783,0.0000
5440,4.895145,0,327,58,-0.1783,0.0000
5441,4.896045,0,327,58,-0.1783,0.0000
5442,4.896945,0,327,58,-0.1783,0.0000
5443,4.897845,0,328,58,-0.1783,0.0000
5444,4.898745,0,328,58,-0.1783,0.0000
5445,4.899645,0,328,58,-0.1783,0.0000
5446,4.900545,0,328,58,-0.1783,0.0000
5447,4.901445,0,328,58,-0.1783,0.0000
5448,4.902345,0,328,58,-0.1783,0.0000
5449,4.903245,0,328,58,-0.1783,0.0000
5450,4.904145,0,328,58,-0.1783,0.0000
5451,4.905045,0,328,58,-0.1783,0.0000
5452,4.905945,0,328,58,-0.1783,0.0000
5453,4.906845,0,328,58,-0.1783,0.0000
5454,4.907745,0,328,58,-0.1783,0.0000
5455,4.908645,0,328,58,-0.1783,0.0000
5456,4.909545,0,328,58,-0.1783,0.0000
5457,4.910445,0,328,58,-0.1783,0.0000
5458,4.911345,0,328,58,-0.1783,0.0000
5459,4.912245,0,328,58,-0.1783,0.0000
5460,4.913145,0,328,58,-0.1783,0.0000
5461,4.914045,0,331,58,-0.1783,0.0000
5462,4.914945,0,331,58,-0.1783,0.0000
5463,4.915845,0,331,58,-0.1783,0.0000
5464,4.916745,0,331,58,-0.1783,0.0000
5465,4.917645,0,331,58,-0.1783,0.0000
5466,4.918545,0,331,58,-0.1783,0.0000
5467,4.919445,0,331,58,-0.1783,0.0000
5468,4.920345,0,331,58,-0.1783,0.0000
5469,4.921245,0,331,58,-0.1783,0.0000
5470,4.922145,0,331,58,-0.1783,0.0000
5471,4.923045,0,331,58,-0.1783,0.0000
5472,4.923945,0,331,58,-0.1783,0.0000
5473,4.924845,0,331,58,-0.1783,0.0000
5474,4.925745,0,331,58,-0.1783,0.0000
5475,4.926645,0,331,58,-0.1783,0.0000
5476,4.927545,0,331,58,-0.1783,0.0000
5477,4.928445,0,331,58,-0.1783,0.0000
5478,4.929345,0,331,58,-0.1783,0.0000
5479,4.930245,0,331,58,-0.1783,0.0000
5480,4.931145,0,331,58,-0.1783,0.0000
5481,4.932045,0,331,58,-0.1783,0.0000
5482,4.932945,0,331,58,-0.1783,0.0000
5483,4.933845,0,331,58,-0.1783,0.0000
5484,4.934745,0,331,58,-0.1783,0.0000
5485,4.935645,0,331,58,-0.1783,0.0000
5486,4.936545,0,331,58,-0.1783,0.0000
5487,4.937445,0,331,58,-0.1783,0.0000
5488,4.938345,0,331,58,-0.1783,0.0000
5489,4.939245,0,331,58,-0.1783,0.0000
5490,4.940145,0,331,58,-0.1783,0.0000
5491,4.941045,0,331,58,-0.1783,0.0000
5492,4.941945,0,331,58,-0.1783,0.0000
5493,4.942845,0,331,58,-0.1783,0.0000
5494,4.943746,0,331,58,-0.1783,0.0000
5495,4.944646,0,331,58,-0.1783,0.0000
5496,4.945546,0,331,58,-0.1783,0.0000
5497,4.946446,0,331,58,-0.1783,0.0000
5498,4.947346,0,331,58,-0.1783,0.0000
5499,4.948246,0,331,58,-0.1783,0.0000
5500,4.949146,0,331,58,-0.1783,0.0000
5501,4.950046,0,331,58,-0.1783,0.0000
5502,4.950946,0,331,58,-0.1783,0.0000
5503,4.951846,0,331,58,-0.1783,0.0000
5504,4.952746,0,331,58,-0.1783,0.0000
5505,4.953646,0,331,58,-0.1783,0.0000
5506,4.954546,0,331,58,-0.1783,0.0000
5507,4.955446,0,331,58,-0.1783,0.0000
5508,4.956346,0,331,58,-0.1783,0.0000
5509,4.957246,0,331,58,-0.1783,0.0000
5510,4.958146,0,331,58,-0.1783,0.0000
5511,4.959046,0,331,58,-0.1783,0.0000
5512,4.959946,0,331,58,-0.1783,0.0000
5513,4.960846,0,331,58,-0.1783,0.0000
5514,4.961746,0,332,58,-0.1783,0.0000
5515,4.962646,0,332,58,-0.1783,0.0000
5516,4.963546,0,332,58,-0.1783,0.0000
5517,4.964446,0,332,58,-0.1783,0.0000
5518,4.965346,0,332,58,-0.1783,0.0000
5519,4.966246,0,332,58,-0.1783,0.0000
5520,4.967146,0,332,58,-0.1783,0.0000
5521,4.968046,0,332,58,-0.1783,0.0000
5522,4.968946,0,332,58,-0.1783,0.0000
5523,4.969846,0,332,58,-0.1783,0.0000
5524,4.970746,0,332,58,-0.1783,0.0000
5525,4.971646,0,332,58,-0.1783,0.0000
5526,4.972546,0,332,58,-0.1783,0.0000
5527,4.973446,0,332,58,-0.1783,0.0000
5528,4.974346,0,332,58,-0.1783,0.0000
5529,4.975246,0,332,58,-0.1783,0.0000
5530,4.976146,0,332,58,-0.1783,0.0000
5531,4.977046,0,335,58,-0.1783,0.0000
5532,4.977946,0,335,58,-0.1783,0.0000
5533,4.978846,0,335,58,-0.1783,0.0000
5534,4.979746,0,335,58,-0.1783,0.0000
5535,4.980646,0,335,58,-0.1783,0.0000
5536,4.981546,0,335,58,-0.1783,0.0000
5537,4.982446,0,335,58,-0.1783,0.0000
5538,4.983346,0,335,58,-0.1783,0.0000
5539,4.984246,0,335,58,-0.1783,0.0000
5540,4.985146,0,335,58,-0.1783,0.0000
5541,4.986046,0,335,58,-0.1783,0.0000
5542,4.986946,0,335,58,-0.1783,0.0000
5543,4.987846,0,335,58,-0.1783,0.0000
5544,4.988746,0,335,58,-0.1783,0.0000
5545,4.989646,0,335,58,-0.1783,0.0000
5546,4.990546,0,335,58,-0.1783,0.0000
5547,4.991446,0,335,58,-0.1783,0.0000
5548,4.992346,0,335,58,-0.1783,0.0000
5549,4.993246,0,335,58,-0.1783,0.0000
5550,4.994146,0,335,58,-0.1783,0.0000
5551,4.995046,0,335,58,-0.1783,0.0000
5552,4.995946,0,335,58,-0.1783,0.0000
5553,4.996846,0,335,58,-0.1783,0.0000
5554,4.997746,0,335,58,-0.1783,0.0000
5555,4.998646,0,335,58,-0.1783,0.0000
5556,4.999546,0,335,58,-0.1783,0.0000
